ISO-10303-21;
HEADER;
FILE_DESCRIPTION(('KiCad electronic assembly'),'2;1');
FILE_NAME('sunny-pad.step','2026-10-02T19:27:02',('Pcbnew'),('Kicad'),
  'Open CASCADE STEP processor 7.9','KiCad to STEP converter','Unknown'
  );
FILE_SCHEMA(('AUTOMOTIVE_DESIGN { 1 0 10303 214 1 1 1 1 }'));
ENDSEC;
DATA;
#1 = APPLICATION_PROTOCOL_DEFINITION('international standard',
  'automotive_design',2000,#2);
#2 = APPLICATION_CONTEXT(
  'core data for automotive mechanical design processes');
#3 = SHAPE_DEFINITION_REPRESENTATION(#4,#10);
#4 = PRODUCT_DEFINITION_SHAPE('','',#5);
#5 = PRODUCT_DEFINITION('design','',#6,#9);
#6 = PRODUCT_DEFINITION_FORMATION('','',#7);
#7 = PRODUCT('sunny-pad 1','sunny-pad 1','',(#8));
#8 = PRODUCT_CONTEXT('',#2,'mechanical');
#9 = PRODUCT_DEFINITION_CONTEXT('part definition',#2,'design');
#10 = SHAPE_REPRESENTATION('',(#11,#15,#19,#23,#27,#31,#35,#39,#43,#47,
    #51),#55);
#11 = AXIS2_PLACEMENT_3D('',#12,#13,#14);
#12 = CARTESIAN_POINT('',(0.,0.,0.));
#13 = DIRECTION('',(0.,0.,1.));
#14 = DIRECTION('',(1.,0.,-0.));
#15 = AXIS2_PLACEMENT_3D('',#16,#17,#18);
#16 = CARTESIAN_POINT('',(150.,-125.5,-8.5E-02));
#17 = DIRECTION('',(1.224646799147E-16,-1.359631073447E-32,-1.));
#18 = DIRECTION('',(1.110223024625E-16,1.,0.));
#19 = AXIS2_PLACEMENT_3D('',#20,#21,#22);
#20 = CARTESIAN_POINT('',(131.5,-87.81,-8.5E-02));
#21 = DIRECTION('',(1.224646799147E-16,-1.359631073447E-32,-1.));
#22 = DIRECTION('',(1.110223024625E-16,1.,0.));
#23 = AXIS2_PLACEMENT_3D('',#24,#25,#26);
#24 = CARTESIAN_POINT('',(169.5,-87.5,-8.5E-02));
#25 = DIRECTION('',(1.224646799147E-16,-1.359631073447E-32,-1.));
#26 = DIRECTION('',(1.110223024625E-16,1.,0.));
#27 = AXIS2_PLACEMENT_3D('',#28,#29,#30);
#28 = CARTESIAN_POINT('',(169.5,-106.31,-8.5E-02));
#29 = DIRECTION('',(1.224646799147E-16,-1.359631073447E-32,-1.));
#30 = DIRECTION('',(1.110223024625E-16,1.,0.));
#31 = AXIS2_PLACEMENT_3D('',#32,#33,#34);
#32 = CARTESIAN_POINT('',(150.5,-87.5,-8.5E-02));
#33 = DIRECTION('',(1.224646799147E-16,-1.359631073447E-32,-1.));
#34 = DIRECTION('',(1.110223024625E-16,1.,0.));
#35 = AXIS2_PLACEMENT_3D('',#36,#37,#38);
#36 = CARTESIAN_POINT('',(150.5,-105.62,-8.5E-02));
#37 = DIRECTION('',(1.224646799147E-16,-1.359631073447E-32,-1.));
#38 = DIRECTION('',(1.110223024625E-16,1.,0.));
#39 = AXIS2_PLACEMENT_3D('',#40,#41,#42);
#40 = CARTESIAN_POINT('',(131.,-125.,-8.5E-02));
#41 = DIRECTION('',(1.224646799147E-16,-1.359631073447E-32,-1.));
#42 = DIRECTION('',(1.110223024625E-16,1.,0.));
#43 = AXIS2_PLACEMENT_3D('',#44,#45,#46);
#44 = CARTESIAN_POINT('',(170.,-124.81,-8.5E-02));
#45 = DIRECTION('',(1.224646799147E-16,-1.359631073447E-32,-1.));
#46 = DIRECTION('',(1.110223024625E-16,1.,0.));
#47 = AXIS2_PLACEMENT_3D('',#48,#49,#50);
#48 = CARTESIAN_POINT('',(131.,-107.,-8.5E-02));
#49 = DIRECTION('',(1.224646799147E-16,-1.359631073447E-32,-1.));
#50 = DIRECTION('',(1.110223024625E-16,1.,0.));
#51 = AXIS2_PLACEMENT_3D('',#52,#53,#54);
#52 = CARTESIAN_POINT('',(0.,0.,0.));
#53 = DIRECTION('',(0.,0.,1.));
#54 = DIRECTION('',(1.,0.,-0.));
#55 = ( GEOMETRIC_REPRESENTATION_CONTEXT(3) 
GLOBAL_UNCERTAINTY_ASSIGNED_CONTEXT((#59)) GLOBAL_UNIT_ASSIGNED_CONTEXT(
(#56,#57,#58)) REPRESENTATION_CONTEXT('Context #1',
  '3D Context with UNIT and UNCERTAINTY') );
#56 = ( LENGTH_UNIT() NAMED_UNIT(*) SI_UNIT(.MILLI.,.METRE.) );
#57 = ( NAMED_UNIT(*) PLANE_ANGLE_UNIT() SI_UNIT($,.RADIAN.) );
#58 = ( NAMED_UNIT(*) SI_UNIT($,.STERADIAN.) SOLID_ANGLE_UNIT() );
#59 = UNCERTAINTY_MEASURE_WITH_UNIT(LENGTH_MEASURE(1.E-07),#56,
  'distance_accuracy_value','confusion accuracy');
#60 = PRODUCT_RELATED_PRODUCT_CATEGORY('part',$,(#7));
#61 = SHAPE_DEFINITION_REPRESENTATION(#62,#68);
#62 = PRODUCT_DEFINITION_SHAPE('','',#63);
#63 = PRODUCT_DEFINITION('design','',#64,#67);
#64 = PRODUCT_DEFINITION_FORMATION('','',#65);
#65 = PRODUCT('D_DO-35_SOD27_P7.62mm_Horizontal',
  'D_DO-35_SOD27_P7.62mm_Horizontal','',(#66));
#66 = PRODUCT_CONTEXT('',#2,'mechanical');
#67 = PRODUCT_DEFINITION_CONTEXT('part definition',#2,'design');
#68 = SHAPE_REPRESENTATION('',(#11,#69),#73);
#69 = AXIS2_PLACEMENT_3D('',#70,#71,#72);
#70 = CARTESIAN_POINT('',(0.,0.,0.));
#71 = DIRECTION('',(0.,0.,1.));
#72 = DIRECTION('',(1.,0.,-0.));
#73 = ( GEOMETRIC_REPRESENTATION_CONTEXT(3) 
GLOBAL_UNCERTAINTY_ASSIGNED_CONTEXT((#77)) GLOBAL_UNIT_ASSIGNED_CONTEXT(
(#74,#75,#76)) REPRESENTATION_CONTEXT('Context #1',
  '3D Context with UNIT and UNCERTAINTY') );
#74 = ( LENGTH_UNIT() NAMED_UNIT(*) SI_UNIT(.MILLI.,.METRE.) );
#75 = ( NAMED_UNIT(*) PLANE_ANGLE_UNIT() SI_UNIT($,.RADIAN.) );
#76 = ( NAMED_UNIT(*) SI_UNIT($,.STERADIAN.) SOLID_ANGLE_UNIT() );
#77 = UNCERTAINTY_MEASURE_WITH_UNIT(LENGTH_MEASURE(1.E-07),#74,
  'distance_accuracy_value','confusion accuracy');
#78 = CONTEXT_DEPENDENT_SHAPE_REPRESENTATION(#79,#81);
#79 = ( REPRESENTATION_RELATIONSHIP('','',#68,#10) 
REPRESENTATION_RELATIONSHIP_WITH_TRANSFORMATION(#80) 
SHAPE_REPRESENTATION_RELATIONSHIP() );
#80 = ITEM_DEFINED_TRANSFORMATION('','',#11,#15);
#81 = PRODUCT_DEFINITION_SHAPE('Placement','Placement of an item',#82);
#82 = NEXT_ASSEMBLY_USAGE_OCCURRENCE('2','D8','',#5,#63,$);
#83 = PRODUCT_RELATED_PRODUCT_CATEGORY('part',$,(#65));
#84 = SHAPE_DEFINITION_REPRESENTATION(#85,#91);
#85 = PRODUCT_DEFINITION_SHAPE('','',#86);
#86 = PRODUCT_DEFINITION('design','',#87,#90);
#87 = PRODUCT_DEFINITION_FORMATION('','',#88);
#88 = PRODUCT('D_DO-35_SOD27_P7.62mm_Horizontal',
  'D_DO-35_SOD27_P7.62mm_Horizontal','',(#89));
#89 = PRODUCT_CONTEXT('',#2,'mechanical');
#90 = PRODUCT_DEFINITION_CONTEXT('part definition',#2,'design');
#91 = SHAPE_REPRESENTATION('',(#11,#92,#247),#442);
#92 = MANIFOLD_SOLID_BREP('',#93);
#93 = CLOSED_SHELL('',(#94,#127,#153,#178,#204,#229,#238));
#94 = ADVANCED_FACE('',(#95),#122,.T.);
#95 = FACE_BOUND('',#96,.T.);
#96 = EDGE_LOOP('',(#97,#107,#114,#115));
#97 = ORIENTED_EDGE('',*,*,#98,.T.);
#98 = EDGE_CURVE('',#99,#101,#103,.T.);
#99 = VERTEX_POINT('',#100);
#100 = CARTESIAN_POINT('',(0.25,0.,-2.5));
#101 = VERTEX_POINT('',#102);
#102 = CARTESIAN_POINT('',(0.25,1.E-15,1.));
#103 = LINE('',#104,#105);
#104 = CARTESIAN_POINT('',(0.25,6.7E-16,1.));
#105 = VECTOR('',#106,1.);
#106 = DIRECTION('',(0.,2.2E-16,1.));
#107 = ORIENTED_EDGE('',*,*,#108,.F.);
#108 = EDGE_CURVE('',#101,#101,#109,.T.);
#109 = CIRCLE('',#110,0.25);
#110 = AXIS2_PLACEMENT_3D('',#111,#112,#113);
#111 = CARTESIAN_POINT('',(0.,6.7E-16,1.));
#112 = DIRECTION('',(-0.,2.2E-16,1.));
#113 = DIRECTION('',(1.,0.,0.));
#114 = ORIENTED_EDGE('',*,*,#98,.F.);
#115 = ORIENTED_EDGE('',*,*,#116,.T.);
#116 = EDGE_CURVE('',#99,#99,#117,.T.);
#117 = CIRCLE('',#118,0.25);
#118 = AXIS2_PLACEMENT_3D('',#119,#120,#121);
#119 = CARTESIAN_POINT('',(0.,-1.1E-16,-2.5));
#120 = DIRECTION('',(-0.,2.2E-16,1.));
#121 = DIRECTION('',(1.,0.,0.));
#122 = CYLINDRICAL_SURFACE('',#123,0.25);
#123 = AXIS2_PLACEMENT_3D('',#124,#125,#126);
#124 = CARTESIAN_POINT('',(0.,6.7E-16,1.));
#125 = DIRECTION('',(0.,2.2E-16,1.));
#126 = DIRECTION('',(1.,0.,-0.));
#127 = ADVANCED_FACE('',(#128),#148,.T.);
#128 = FACE_BOUND('',#129,.T.);
#129 = EDGE_LOOP('',(#130,#139,#146,#147));
#130 = ORIENTED_EDGE('',*,*,#131,.T.);
#131 = EDGE_CURVE('',#101,#132,#134,.T.);
#132 = VERTEX_POINT('',#133);
#133 = CARTESIAN_POINT('',(0.5,1.E-15,1.25));
#134 = CIRCLE('',#135,0.25);
#135 = AXIS2_PLACEMENT_3D('',#136,#137,#138);
#136 = CARTESIAN_POINT('',(0.5,7.6E-16,1.));
#137 = DIRECTION('',(0.,1.,-2.2E-16));
#138 = DIRECTION('',(1.,0.,0.));
#139 = ORIENTED_EDGE('',*,*,#140,.T.);
#140 = EDGE_CURVE('',#132,#132,#141,.T.);
#141 = CIRCLE('',#142,0.25);
#142 = AXIS2_PLACEMENT_3D('',#143,#144,#145);
#143 = CARTESIAN_POINT('',(0.5,7.8E-16,1.5));
#144 = DIRECTION('',(-1.,0.,-1.8E-16));
#145 = DIRECTION('',(-1.8E-16,2.2E-16,1.));
#146 = ORIENTED_EDGE('',*,*,#131,.F.);
#147 = ORIENTED_EDGE('',*,*,#108,.T.);
#148 = TOROIDAL_SURFACE('',#149,0.5,0.25);
#149 = AXIS2_PLACEMENT_3D('',#150,#151,#152);
#150 = CARTESIAN_POINT('',(0.5,6.7E-16,1.));
#151 = DIRECTION('',(0.,1.,-2.2E-16));
#152 = DIRECTION('',(1.,0.,0.));
#153 = ADVANCED_FACE('',(#154),#173,.T.);
#154 = FACE_BOUND('',#155,.T.);
#155 = EDGE_LOOP('',(#156,#164,#171,#172));
#156 = ORIENTED_EDGE('',*,*,#157,.T.);
#157 = EDGE_CURVE('',#132,#158,#160,.T.);
#158 = VERTEX_POINT('',#159);
#159 = CARTESIAN_POINT('',(7.12,1.E-15,1.25));
#160 = LINE('',#161,#162);
#161 = CARTESIAN_POINT('',(0.5,7.2E-16,1.25));
#162 = VECTOR('',#163,1.);
#163 = DIRECTION('',(1.,0.,0.));
#164 = ORIENTED_EDGE('',*,*,#165,.F.);
#165 = EDGE_CURVE('',#158,#158,#166,.T.);
#166 = CIRCLE('',#167,0.25);
#167 = AXIS2_PLACEMENT_3D('',#168,#169,#170);
#168 = CARTESIAN_POINT('',(7.12,7.8E-16,1.5));
#169 = DIRECTION('',(1.,0.,0.));
#170 = DIRECTION('',(0.,-2.2E-16,-1.));
#171 = ORIENTED_EDGE('',*,*,#157,.F.);
#172 = ORIENTED_EDGE('',*,*,#140,.F.);
#173 = CYLINDRICAL_SURFACE('',#174,0.25);
#174 = AXIS2_PLACEMENT_3D('',#175,#176,#177);
#175 = CARTESIAN_POINT('',(0.5,7.8E-16,1.5));
#176 = DIRECTION('',(1.,0.,0.));
#177 = DIRECTION('',(0.,-2.2E-16,-1.));
#178 = ADVANCED_FACE('',(#179),#199,.T.);
#179 = FACE_BOUND('',#180,.T.);
#180 = EDGE_LOOP('',(#181,#190,#197,#198));
#181 = ORIENTED_EDGE('',*,*,#182,.T.);
#182 = EDGE_CURVE('',#158,#183,#185,.T.);
#183 = VERTEX_POINT('',#184);
#184 = CARTESIAN_POINT('',(7.37,1.E-15,1.));
#185 = CIRCLE('',#186,0.25);
#186 = AXIS2_PLACEMENT_3D('',#187,#188,#189);
#187 = CARTESIAN_POINT('',(7.12,7.6E-16,1.));
#188 = DIRECTION('',(0.,1.,-2.2E-16));
#189 = DIRECTION('',(1.,0.,0.));
#190 = ORIENTED_EDGE('',*,*,#191,.T.);
#191 = EDGE_CURVE('',#183,#183,#192,.T.);
#192 = CIRCLE('',#193,0.25);
#193 = AXIS2_PLACEMENT_3D('',#194,#195,#196);
#194 = CARTESIAN_POINT('',(7.62,6.7E-16,1.));
#195 = DIRECTION('',(-2.4E-16,2.2E-16,1.));
#196 = DIRECTION('',(1.,0.,2.4E-16));
#197 = ORIENTED_EDGE('',*,*,#182,.F.);
#198 = ORIENTED_EDGE('',*,*,#165,.T.);
#199 = TOROIDAL_SURFACE('',#200,0.5,0.25);
#200 = AXIS2_PLACEMENT_3D('',#201,#202,#203);
#201 = CARTESIAN_POINT('',(7.12,6.7E-16,1.));
#202 = DIRECTION('',(0.,1.,-2.2E-16));
#203 = DIRECTION('',(1.,0.,0.));
#204 = ADVANCED_FACE('',(#205),#224,.T.);
#205 = FACE_BOUND('',#206,.T.);
#206 = EDGE_LOOP('',(#207,#215,#222,#223));
#207 = ORIENTED_EDGE('',*,*,#208,.T.);
#208 = EDGE_CURVE('',#183,#209,#211,.T.);
#209 = VERTEX_POINT('',#210);
#210 = CARTESIAN_POINT('',(7.37,0.,-2.5));
#211 = LINE('',#212,#213);
#212 = CARTESIAN_POINT('',(7.37,6.7E-16,1.));
#213 = VECTOR('',#214,1.);
#214 = DIRECTION('',(0.,-2.2E-16,-1.));
#215 = ORIENTED_EDGE('',*,*,#216,.F.);
#216 = EDGE_CURVE('',#209,#209,#217,.T.);
#217 = CIRCLE('',#218,0.25);
#218 = AXIS2_PLACEMENT_3D('',#219,#220,#221);
#219 = CARTESIAN_POINT('',(7.62,-1.1E-16,-2.5));
#220 = DIRECTION('',(-0.,-2.2E-16,-1.));
#221 = DIRECTION('',(-1.,0.,0.));
#222 = ORIENTED_EDGE('',*,*,#208,.F.);
#223 = ORIENTED_EDGE('',*,*,#191,.F.);
#224 = CYLINDRICAL_SURFACE('',#225,0.25);
#225 = AXIS2_PLACEMENT_3D('',#226,#227,#228);
#226 = CARTESIAN_POINT('',(7.62,6.7E-16,1.));
#227 = DIRECTION('',(0.,-2.2E-16,-1.));
#228 = DIRECTION('',(-1.,-0.,0.));
#229 = ADVANCED_FACE('',(#230),#233,.T.);
#230 = FACE_BOUND('',#231,.F.);
#231 = EDGE_LOOP('',(#232));
#232 = ORIENTED_EDGE('',*,*,#116,.T.);
#233 = PLANE('',#234);
#234 = AXIS2_PLACEMENT_3D('',#235,#236,#237);
#235 = CARTESIAN_POINT('',(0.25,-1.1E-16,-2.5));
#236 = DIRECTION('',(0.,0.,-1.));
#237 = DIRECTION('',(-1.,0.,0.));
#238 = ADVANCED_FACE('',(#239),#242,.F.);
#239 = FACE_BOUND('',#240,.T.);
#240 = EDGE_LOOP('',(#241));
#241 = ORIENTED_EDGE('',*,*,#216,.T.);
#242 = PLANE('',#243);
#243 = AXIS2_PLACEMENT_3D('',#244,#245,#246);
#244 = CARTESIAN_POINT('',(7.37,-1.1E-16,-2.5));
#245 = DIRECTION('',(0.,0.,1.));
#246 = DIRECTION('',(1.,0.,-0.));
#247 = MANIFOLD_SOLID_BREP('',#248);
#248 = CLOSED_SHELL('',(#249,#282,#302,#322,#347,#372,#398,#424,#433));
#249 = ADVANCED_FACE('',(#250),#277,.T.);
#250 = FACE_BOUND('',#251,.T.);
#251 = EDGE_LOOP('',(#252,#261,#269,#276));
#252 = ORIENTED_EDGE('',*,*,#253,.T.);
#253 = EDGE_CURVE('',#254,#254,#256,.T.);
#254 = VERTEX_POINT('',#255);
#255 = CARTESIAN_POINT('',(2.41,3.557331958362E-15,2.51));
#256 = CIRCLE('',#257,1.01);
#257 = AXIS2_PLACEMENT_3D('',#258,#259,#260);
#258 = CARTESIAN_POINT('',(2.41,6.630669073875E-16,1.5));
#259 = DIRECTION('',(1.,0.,-0.));
#260 = DIRECTION('',(0.,9.92044604925E-16,1.));
#261 = ORIENTED_EDGE('',*,*,#262,.T.);
#262 = EDGE_CURVE('',#254,#263,#265,.T.);
#263 = VERTEX_POINT('',#264);
#264 = CARTESIAN_POINT('',(3.41,3.557331958362E-15,2.51));
#265 = LINE('',#266,#267);
#266 = CARTESIAN_POINT('',(2.41,5.573319583618E-16,2.51));
#267 = VECTOR('',#268,1.);
#268 = DIRECTION('',(1.,0.,0.));
#269 = ORIENTED_EDGE('',*,*,#270,.F.);
#270 = EDGE_CURVE('',#263,#263,#271,.T.);
#271 = CIRCLE('',#272,1.01);
#272 = AXIS2_PLACEMENT_3D('',#273,#274,#275);
#273 = CARTESIAN_POINT('',(3.41,6.630669073875E-16,1.5));
#274 = DIRECTION('',(1.,0.,-0.));
#275 = DIRECTION('',(0.,9.92044604925E-16,1.));
#276 = ORIENTED_EDGE('',*,*,#262,.F.);
#277 = CYLINDRICAL_SURFACE('',#278,1.01);
#278 = AXIS2_PLACEMENT_3D('',#279,#280,#281);
#279 = CARTESIAN_POINT('',(2.41,6.630669073875E-16,1.5));
#280 = DIRECTION('',(1.,0.,0.));
#281 = DIRECTION('',(-0.,9.92044604925E-16,1.));
#282 = ADVANCED_FACE('',(#283,#286),#297,.F.);
#283 = FACE_BOUND('',#284,.T.);
#284 = EDGE_LOOP('',(#285));
#285 = ORIENTED_EDGE('',*,*,#253,.F.);
#286 = FACE_BOUND('',#287,.T.);
#287 = EDGE_LOOP('',(#288));
#288 = ORIENTED_EDGE('',*,*,#289,.T.);
#289 = EDGE_CURVE('',#290,#290,#292,.T.);
#290 = VERTEX_POINT('',#291);
#291 = CARTESIAN_POINT('',(2.41,5.551115123126E-16,2.5));
#292 = CIRCLE('',#293,1.);
#293 = AXIS2_PLACEMENT_3D('',#294,#295,#296);
#294 = CARTESIAN_POINT('',(2.41,6.630669073875E-16,1.5));
#295 = DIRECTION('',(1.,0.,-0.));
#296 = DIRECTION('',(0.,1.002044604925E-15,1.));
#297 = PLANE('',#298);
#298 = AXIS2_PLACEMENT_3D('',#299,#300,#301);
#299 = CARTESIAN_POINT('',(2.41,6.630669073875E-16,1.5));
#300 = DIRECTION('',(1.,0.,0.));
#301 = DIRECTION('',(-0.,1.002044604925E-15,1.));
#302 = ADVANCED_FACE('',(#303,#306),#317,.T.);
#303 = FACE_BOUND('',#304,.T.);
#304 = EDGE_LOOP('',(#305));
#305 = ORIENTED_EDGE('',*,*,#270,.T.);
#306 = FACE_BOUND('',#307,.T.);
#307 = EDGE_LOOP('',(#308));
#308 = ORIENTED_EDGE('',*,*,#309,.F.);
#309 = EDGE_CURVE('',#310,#310,#312,.T.);
#310 = VERTEX_POINT('',#311);
#311 = CARTESIAN_POINT('',(3.41,5.551115123126E-16,2.5));
#312 = CIRCLE('',#313,1.);
#313 = AXIS2_PLACEMENT_3D('',#314,#315,#316);
#314 = CARTESIAN_POINT('',(3.41,6.630669073875E-16,1.5));
#315 = DIRECTION('',(1.,0.,-0.));
#316 = DIRECTION('',(0.,1.002044604925E-15,1.));
#317 = PLANE('',#318);
#318 = AXIS2_PLACEMENT_3D('',#319,#320,#321);
#319 = CARTESIAN_POINT('',(3.41,6.630669073875E-16,1.5));
#320 = DIRECTION('',(1.,0.,0.));
#321 = DIRECTION('',(-0.,9.92044604925E-16,1.));
#322 = ADVANCED_FACE('',(#323),#342,.T.);
#323 = FACE_BOUND('',#324,.T.);
#324 = EDGE_LOOP('',(#325,#334,#340,#341));
#325 = ORIENTED_EDGE('',*,*,#326,.T.);
#326 = EDGE_CURVE('',#327,#327,#329,.T.);
#327 = VERTEX_POINT('',#328);
#328 = CARTESIAN_POINT('',(2.21,3.555111512313E-15,2.5));
#329 = CIRCLE('',#330,1.);
#330 = AXIS2_PLACEMENT_3D('',#331,#332,#333);
#331 = CARTESIAN_POINT('',(2.21,6.630669073875E-16,1.5));
#332 = DIRECTION('',(1.,0.,-0.));
#333 = DIRECTION('',(0.,1.002044604925E-15,1.));
#334 = ORIENTED_EDGE('',*,*,#335,.T.);
#335 = EDGE_CURVE('',#327,#290,#336,.T.);
#336 = LINE('',#337,#338);
#337 = CARTESIAN_POINT('',(1.81,5.551115123126E-16,2.5));
#338 = VECTOR('',#339,1.);
#339 = DIRECTION('',(1.,0.,0.));
#340 = ORIENTED_EDGE('',*,*,#289,.F.);
#341 = ORIENTED_EDGE('',*,*,#335,.F.);
#342 = CYLINDRICAL_SURFACE('',#343,1.);
#343 = AXIS2_PLACEMENT_3D('',#344,#345,#346);
#344 = CARTESIAN_POINT('',(1.81,6.630669073875E-16,1.5));
#345 = DIRECTION('',(1.,0.,0.));
#346 = DIRECTION('',(-0.,1.002044604925E-15,1.));
#347 = ADVANCED_FACE('',(#348),#367,.T.);
#348 = FACE_BOUND('',#349,.T.);
#349 = EDGE_LOOP('',(#350,#351,#359,#366));
#350 = ORIENTED_EDGE('',*,*,#309,.T.);
#351 = ORIENTED_EDGE('',*,*,#352,.T.);
#352 = EDGE_CURVE('',#310,#353,#355,.T.);
#353 = VERTEX_POINT('',#354);
#354 = CARTESIAN_POINT('',(5.41,3.555111512313E-15,2.5));
#355 = LINE('',#356,#357);
#356 = CARTESIAN_POINT('',(1.81,5.551115123126E-16,2.5));
#357 = VECTOR('',#358,1.);
#358 = DIRECTION('',(1.,0.,0.));
#359 = ORIENTED_EDGE('',*,*,#360,.F.);
#360 = EDGE_CURVE('',#353,#353,#361,.T.);
#361 = CIRCLE('',#362,1.);
#362 = AXIS2_PLACEMENT_3D('',#363,#364,#365);
#363 = CARTESIAN_POINT('',(5.41,6.630669073875E-16,1.5));
#364 = DIRECTION('',(1.,0.,-0.));
#365 = DIRECTION('',(0.,1.002044604925E-15,1.));
#366 = ORIENTED_EDGE('',*,*,#352,.F.);
#367 = CYLINDRICAL_SURFACE('',#368,1.);
#368 = AXIS2_PLACEMENT_3D('',#369,#370,#371);
#369 = CARTESIAN_POINT('',(1.81,6.630669073875E-16,1.5));
#370 = DIRECTION('',(1.,0.,0.));
#371 = DIRECTION('',(-0.,1.002044604925E-15,1.));
#372 = ADVANCED_FACE('',(#373),#393,.T.);
#373 = FACE_BOUND('',#374,.T.);
#374 = EDGE_LOOP('',(#375,#384,#391,#392));
#375 = ORIENTED_EDGE('',*,*,#376,.T.);
#376 = EDGE_CURVE('',#377,#377,#379,.T.);
#377 = VERTEX_POINT('',#378);
#378 = CARTESIAN_POINT('',(1.81,1.466293670343E-15,2.1));
#379 = CIRCLE('',#380,0.6);
#380 = AXIS2_PLACEMENT_3D('',#381,#382,#383);
#381 = CARTESIAN_POINT('',(1.81,6.630669073875E-16,1.5));
#382 = DIRECTION('',(1.,0.,-0.));
#383 = DIRECTION('',(0.,1.002044604925E-15,1.));
#384 = ORIENTED_EDGE('',*,*,#385,.F.);
#385 = EDGE_CURVE('',#327,#377,#386,.T.);
#386 = CIRCLE('',#387,0.4);
#387 = AXIS2_PLACEMENT_3D('',#388,#389,#390);
#388 = CARTESIAN_POINT('',(2.21,1.266293670343E-15,2.1));
#389 = DIRECTION('',(0.,-1.,1.002044604925E-15));
#390 = DIRECTION('',(0.,1.002044604925E-15,1.));
#391 = ORIENTED_EDGE('',*,*,#326,.F.);
#392 = ORIENTED_EDGE('',*,*,#385,.T.);
#393 = TOROIDAL_SURFACE('',#394,0.6,0.4);
#394 = AXIS2_PLACEMENT_3D('',#395,#396,#397);
#395 = CARTESIAN_POINT('',(2.21,6.630669073875E-16,1.5));
#396 = DIRECTION('',(-1.,0.,0.));
#397 = DIRECTION('',(0.,1.002044604925E-15,1.));
#398 = ADVANCED_FACE('',(#399),#419,.T.);
#399 = FACE_BOUND('',#400,.T.);
#400 = EDGE_LOOP('',(#401,#402,#411,#418));
#401 = ORIENTED_EDGE('',*,*,#360,.T.);
#402 = ORIENTED_EDGE('',*,*,#403,.F.);
#403 = EDGE_CURVE('',#404,#353,#406,.T.);
#404 = VERTEX_POINT('',#405);
#405 = CARTESIAN_POINT('',(5.81,1.466293670343E-15,2.1));
#406 = CIRCLE('',#407,0.4);
#407 = AXIS2_PLACEMENT_3D('',#408,#409,#410);
#408 = CARTESIAN_POINT('',(5.41,1.266293670343E-15,2.1));
#409 = DIRECTION('',(0.,-1.,1.002044604925E-15));
#410 = DIRECTION('',(0.,1.002044604925E-15,1.));
#411 = ORIENTED_EDGE('',*,*,#412,.F.);
#412 = EDGE_CURVE('',#404,#404,#413,.T.);
#413 = CIRCLE('',#414,0.6);
#414 = AXIS2_PLACEMENT_3D('',#415,#416,#417);
#415 = CARTESIAN_POINT('',(5.81,6.630669073875E-16,1.5));
#416 = DIRECTION('',(1.,0.,-0.));
#417 = DIRECTION('',(0.,1.002044604925E-15,1.));
#418 = ORIENTED_EDGE('',*,*,#403,.T.);
#419 = TOROIDAL_SURFACE('',#420,0.6,0.4);
#420 = AXIS2_PLACEMENT_3D('',#421,#422,#423);
#421 = CARTESIAN_POINT('',(5.41,6.630669073875E-16,1.5));
#422 = DIRECTION('',(-1.,0.,0.));
#423 = DIRECTION('',(0.,1.002044604925E-15,1.));
#424 = ADVANCED_FACE('',(#425),#428,.F.);
#425 = FACE_BOUND('',#426,.T.);
#426 = EDGE_LOOP('',(#427));
#427 = ORIENTED_EDGE('',*,*,#376,.F.);
#428 = PLANE('',#429);
#429 = AXIS2_PLACEMENT_3D('',#430,#431,#432);
#430 = CARTESIAN_POINT('',(1.81,6.630669073875E-16,1.5));
#431 = DIRECTION('',(1.,0.,0.));
#432 = DIRECTION('',(-0.,1.002044604925E-15,1.));
#433 = ADVANCED_FACE('',(#434),#437,.T.);
#434 = FACE_BOUND('',#435,.F.);
#435 = EDGE_LOOP('',(#436));
#436 = ORIENTED_EDGE('',*,*,#412,.F.);
#437 = PLANE('',#438);
#438 = AXIS2_PLACEMENT_3D('',#439,#440,#441);
#439 = CARTESIAN_POINT('',(5.81,6.630669073875E-16,1.5));
#440 = DIRECTION('',(1.,0.,0.));
#441 = DIRECTION('',(-0.,1.002044604925E-15,1.));
#442 = ( GEOMETRIC_REPRESENTATION_CONTEXT(3) 
GLOBAL_UNCERTAINTY_ASSIGNED_CONTEXT((#446)) GLOBAL_UNIT_ASSIGNED_CONTEXT
((#443,#444,#445)) REPRESENTATION_CONTEXT('Context #1',
  '3D Context with UNIT and UNCERTAINTY') );
#443 = ( LENGTH_UNIT() NAMED_UNIT(*) SI_UNIT(.MILLI.,.METRE.) );
#444 = ( NAMED_UNIT(*) PLANE_ANGLE_UNIT() SI_UNIT($,.RADIAN.) );
#445 = ( NAMED_UNIT(*) SI_UNIT($,.STERADIAN.) SOLID_ANGLE_UNIT() );
#446 = UNCERTAINTY_MEASURE_WITH_UNIT(LENGTH_MEASURE(1.E-07),#443,
  'distance_accuracy_value','confusion accuracy');
#447 = CONTEXT_DEPENDENT_SHAPE_REPRESENTATION(#448,#450);
#448 = ( REPRESENTATION_RELATIONSHIP('','',#91,#68) 
REPRESENTATION_RELATIONSHIP_WITH_TRANSFORMATION(#449) 
SHAPE_REPRESENTATION_RELATIONSHIP() );
#449 = ITEM_DEFINED_TRANSFORMATION('','',#11,#69);
#450 = PRODUCT_DEFINITION_SHAPE('Placement','Placement of an item',#451
  );
#451 = NEXT_ASSEMBLY_USAGE_OCCURRENCE('1','=>[0:1:1:3]','',#63,#86,$);
#452 = PRODUCT_RELATED_PRODUCT_CATEGORY('part',$,(#88));
#453 = CONTEXT_DEPENDENT_SHAPE_REPRESENTATION(#454,#456);
#454 = ( REPRESENTATION_RELATIONSHIP('','',#68,#10) 
REPRESENTATION_RELATIONSHIP_WITH_TRANSFORMATION(#455) 
SHAPE_REPRESENTATION_RELATIONSHIP() );
#455 = ITEM_DEFINED_TRANSFORMATION('','',#11,#19);
#456 = PRODUCT_DEFINITION_SHAPE('Placement','Placement of an item',#457
  );
#457 = NEXT_ASSEMBLY_USAGE_OCCURRENCE('3','D1','',#5,#63,$);
#458 = CONTEXT_DEPENDENT_SHAPE_REPRESENTATION(#459,#461);
#459 = ( REPRESENTATION_RELATIONSHIP('','',#68,#10) 
REPRESENTATION_RELATIONSHIP_WITH_TRANSFORMATION(#460) 
SHAPE_REPRESENTATION_RELATIONSHIP() );
#460 = ITEM_DEFINED_TRANSFORMATION('','',#11,#23);
#461 = PRODUCT_DEFINITION_SHAPE('Placement','Placement of an item',#462
  );
#462 = NEXT_ASSEMBLY_USAGE_OCCURRENCE('4','D3','',#5,#63,$);
#463 = CONTEXT_DEPENDENT_SHAPE_REPRESENTATION(#464,#466);
#464 = ( REPRESENTATION_RELATIONSHIP('','',#68,#10) 
REPRESENTATION_RELATIONSHIP_WITH_TRANSFORMATION(#465) 
SHAPE_REPRESENTATION_RELATIONSHIP() );
#465 = ITEM_DEFINED_TRANSFORMATION('','',#11,#27);
#466 = PRODUCT_DEFINITION_SHAPE('Placement','Placement of an item',#467
  );
#467 = NEXT_ASSEMBLY_USAGE_OCCURRENCE('5','D6','',#5,#63,$);
#468 = CONTEXT_DEPENDENT_SHAPE_REPRESENTATION(#469,#471);
#469 = ( REPRESENTATION_RELATIONSHIP('','',#68,#10) 
REPRESENTATION_RELATIONSHIP_WITH_TRANSFORMATION(#470) 
SHAPE_REPRESENTATION_RELATIONSHIP() );
#470 = ITEM_DEFINED_TRANSFORMATION('','',#11,#31);
#471 = PRODUCT_DEFINITION_SHAPE('Placement','Placement of an item',#472
  );
#472 = NEXT_ASSEMBLY_USAGE_OCCURRENCE('6','D2','',#5,#63,$);
#473 = CONTEXT_DEPENDENT_SHAPE_REPRESENTATION(#474,#476);
#474 = ( REPRESENTATION_RELATIONSHIP('','',#68,#10) 
REPRESENTATION_RELATIONSHIP_WITH_TRANSFORMATION(#475) 
SHAPE_REPRESENTATION_RELATIONSHIP() );
#475 = ITEM_DEFINED_TRANSFORMATION('','',#11,#35);
#476 = PRODUCT_DEFINITION_SHAPE('Placement','Placement of an item',#477
  );
#477 = NEXT_ASSEMBLY_USAGE_OCCURRENCE('7','D5','',#5,#63,$);
#478 = CONTEXT_DEPENDENT_SHAPE_REPRESENTATION(#479,#481);
#479 = ( REPRESENTATION_RELATIONSHIP('','',#68,#10) 
REPRESENTATION_RELATIONSHIP_WITH_TRANSFORMATION(#480) 
SHAPE_REPRESENTATION_RELATIONSHIP() );
#480 = ITEM_DEFINED_TRANSFORMATION('','',#11,#39);
#481 = PRODUCT_DEFINITION_SHAPE('Placement','Placement of an item',#482
  );
#482 = NEXT_ASSEMBLY_USAGE_OCCURRENCE('8','D9','',#5,#63,$);
#483 = CONTEXT_DEPENDENT_SHAPE_REPRESENTATION(#484,#486);
#484 = ( REPRESENTATION_RELATIONSHIP('','',#68,#10) 
REPRESENTATION_RELATIONSHIP_WITH_TRANSFORMATION(#485) 
SHAPE_REPRESENTATION_RELATIONSHIP() );
#485 = ITEM_DEFINED_TRANSFORMATION('','',#11,#43);
#486 = PRODUCT_DEFINITION_SHAPE('Placement','Placement of an item',#487
  );
#487 = NEXT_ASSEMBLY_USAGE_OCCURRENCE('9','D7','',#5,#63,$);
#488 = CONTEXT_DEPENDENT_SHAPE_REPRESENTATION(#489,#491);
#489 = ( REPRESENTATION_RELATIONSHIP('','',#68,#10) 
REPRESENTATION_RELATIONSHIP_WITH_TRANSFORMATION(#490) 
SHAPE_REPRESENTATION_RELATIONSHIP() );
#490 = ITEM_DEFINED_TRANSFORMATION('','',#11,#47);
#491 = PRODUCT_DEFINITION_SHAPE('Placement','Placement of an item',#492
  );
#492 = NEXT_ASSEMBLY_USAGE_OCCURRENCE('10','D4','',#5,#63,$);
#493 = SHAPE_DEFINITION_REPRESENTATION(#494,#500);
#494 = PRODUCT_DEFINITION_SHAPE('','',#495);
#495 = PRODUCT_DEFINITION('design','',#496,#499);
#496 = PRODUCT_DEFINITION_FORMATION('','',#497);
#497 = PRODUCT('sunB7AE_PCB','sunB7AE_PCB','',(#498));
#498 = PRODUCT_CONTEXT('',#2,'mechanical');
#499 = PRODUCT_DEFINITION_CONTEXT('part definition',#2,'design');
#500 = ADVANCED_BREP_SHAPE_REPRESENTATION('',(#11,#501),#4129);
#501 = MANIFOLD_SOLID_BREP('',#502);
#502 = CLOSED_SHELL('',(#503,#543,#574,#605,#1596,#2587,#2599,#2616,
    #2633,#2650,#2667,#2684,#2701,#2718,#2735,#2752,#2769,#2786,#2803,
    #2820,#2837,#2854,#2871,#2888,#2905,#2922,#2939,#2956,#2973,#2990,
    #3007,#3024,#3041,#3058,#3075,#3092,#3109,#3131,#3148,#3165,#3177,
    #3194,#3211,#3228,#3245,#3262,#3279,#3296,#3313,#3335,#3352,#3369,
    #3381,#3398,#3415,#3432,#3449,#3466,#3483,#3500,#3517,#3534,#3551,
    #3568,#3585,#3602,#3619,#3636,#3653,#3670,#3687,#3704,#3721,#3738,
    #3755,#3772,#3789,#3806,#3823,#3840,#3857,#3874,#3891,#3908,#3925,
    #3942,#3959,#3976,#3993,#4010,#4027,#4044,#4061,#4078,#4095,#4112));
#503 = ADVANCED_FACE('',(#504),#538,.T.);
#504 = FACE_BOUND('',#505,.T.);
#505 = EDGE_LOOP('',(#506,#516,#524,#532));
#506 = ORIENTED_EDGE('',*,*,#507,.T.);
#507 = EDGE_CURVE('',#508,#510,#512,.T.);
#508 = VERTEX_POINT('',#509);
#509 = CARTESIAN_POINT('',(202.,-137.,0.));
#510 = VERTEX_POINT('',#511);
#511 = CARTESIAN_POINT('',(202.,-137.,1.51));
#512 = LINE('',#513,#514);
#513 = CARTESIAN_POINT('',(202.,-137.,0.));
#514 = VECTOR('',#515,1.);
#515 = DIRECTION('',(0.,0.,1.));
#516 = ORIENTED_EDGE('',*,*,#517,.T.);
#517 = EDGE_CURVE('',#510,#518,#520,.T.);
#518 = VERTEX_POINT('',#519);
#519 = CARTESIAN_POINT('',(107.,-137.,1.51));
#520 = LINE('',#521,#522);
#521 = CARTESIAN_POINT('',(202.,-137.,1.51));
#522 = VECTOR('',#523,1.);
#523 = DIRECTION('',(-1.,0.,0.));
#524 = ORIENTED_EDGE('',*,*,#525,.F.);
#525 = EDGE_CURVE('',#526,#518,#528,.T.);
#526 = VERTEX_POINT('',#527);
#527 = CARTESIAN_POINT('',(107.,-137.,0.));
#528 = LINE('',#529,#530);
#529 = CARTESIAN_POINT('',(107.,-137.,0.));
#530 = VECTOR('',#531,1.);
#531 = DIRECTION('',(0.,0.,1.));
#532 = ORIENTED_EDGE('',*,*,#533,.F.);
#533 = EDGE_CURVE('',#508,#526,#534,.T.);
#534 = LINE('',#535,#536);
#535 = CARTESIAN_POINT('',(202.,-137.,0.));
#536 = VECTOR('',#537,1.);
#537 = DIRECTION('',(-1.,0.,0.));
#538 = PLANE('',#539);
#539 = AXIS2_PLACEMENT_3D('',#540,#541,#542);
#540 = CARTESIAN_POINT('',(202.,-137.,0.));
#541 = DIRECTION('',(0.,-1.,0.));
#542 = DIRECTION('',(-1.,0.,0.));
#543 = ADVANCED_FACE('',(#544),#569,.T.);
#544 = FACE_BOUND('',#545,.T.);
#545 = EDGE_LOOP('',(#546,#556,#562,#563));
#546 = ORIENTED_EDGE('',*,*,#547,.T.);
#547 = EDGE_CURVE('',#548,#550,#552,.T.);
#548 = VERTEX_POINT('',#549);
#549 = CARTESIAN_POINT('',(202.,-67.,0.));
#550 = VERTEX_POINT('',#551);
#551 = CARTESIAN_POINT('',(202.,-67.,1.51));
#552 = LINE('',#553,#554);
#553 = CARTESIAN_POINT('',(202.,-67.,0.));
#554 = VECTOR('',#555,1.);
#555 = DIRECTION('',(0.,0.,1.));
#556 = ORIENTED_EDGE('',*,*,#557,.T.);
#557 = EDGE_CURVE('',#550,#510,#558,.T.);
#558 = LINE('',#559,#560);
#559 = CARTESIAN_POINT('',(202.,-67.,1.51));
#560 = VECTOR('',#561,1.);
#561 = DIRECTION('',(0.,-1.,0.));
#562 = ORIENTED_EDGE('',*,*,#507,.F.);
#563 = ORIENTED_EDGE('',*,*,#564,.F.);
#564 = EDGE_CURVE('',#548,#508,#565,.T.);
#565 = LINE('',#566,#567);
#566 = CARTESIAN_POINT('',(202.,-67.,0.));
#567 = VECTOR('',#568,1.);
#568 = DIRECTION('',(0.,-1.,0.));
#569 = PLANE('',#570);
#570 = AXIS2_PLACEMENT_3D('',#571,#572,#573);
#571 = CARTESIAN_POINT('',(202.,-67.,0.));
#572 = DIRECTION('',(1.,0.,-0.));
#573 = DIRECTION('',(0.,-1.,0.));
#574 = ADVANCED_FACE('',(#575),#600,.T.);
#575 = FACE_BOUND('',#576,.T.);
#576 = EDGE_LOOP('',(#577,#578,#586,#594));
#577 = ORIENTED_EDGE('',*,*,#525,.T.);
#578 = ORIENTED_EDGE('',*,*,#579,.T.);
#579 = EDGE_CURVE('',#518,#580,#582,.T.);
#580 = VERTEX_POINT('',#581);
#581 = CARTESIAN_POINT('',(107.,-67.,1.51));
#582 = LINE('',#583,#584);
#583 = CARTESIAN_POINT('',(107.,-137.,1.51));
#584 = VECTOR('',#585,1.);
#585 = DIRECTION('',(0.,1.,0.));
#586 = ORIENTED_EDGE('',*,*,#587,.F.);
#587 = EDGE_CURVE('',#588,#580,#590,.T.);
#588 = VERTEX_POINT('',#589);
#589 = CARTESIAN_POINT('',(107.,-67.,0.));
#590 = LINE('',#591,#592);
#591 = CARTESIAN_POINT('',(107.,-67.,0.));
#592 = VECTOR('',#593,1.);
#593 = DIRECTION('',(0.,0.,1.));
#594 = ORIENTED_EDGE('',*,*,#595,.F.);
#595 = EDGE_CURVE('',#526,#588,#596,.T.);
#596 = LINE('',#597,#598);
#597 = CARTESIAN_POINT('',(107.,-137.,0.));
#598 = VECTOR('',#599,1.);
#599 = DIRECTION('',(0.,1.,0.));
#600 = PLANE('',#601);
#601 = AXIS2_PLACEMENT_3D('',#602,#603,#604);
#602 = CARTESIAN_POINT('',(107.,-137.,0.));
#603 = DIRECTION('',(-1.,0.,0.));
#604 = DIRECTION('',(0.,1.,0.));
#605 = ADVANCED_FACE('',(#606,#617,#628,#639,#650,#661,#672,#683,#694,
    #705,#716,#727,#738,#749,#760,#771,#782,#793,#804,#815,#826,#837,
    #848,#859,#870,#881,#892,#903,#914,#925,#936,#947,#983,#994,#1005,
    #1016,#1027,#1038,#1049,#1060,#1071,#1107,#1118,#1129,#1140,#1151,
    #1162,#1173,#1184,#1195,#1206,#1217,#1228,#1239,#1250,#1261,#1272,
    #1283,#1294,#1305,#1316,#1327,#1338,#1349,#1360,#1371,#1382,#1393,
    #1404,#1415,#1426,#1437,#1448,#1459,#1470,#1481,#1492,#1503,#1514,
    #1525,#1536,#1547,#1558,#1569,#1580),#1591,.F.);
#606 = FACE_BOUND('',#607,.F.);
#607 = EDGE_LOOP('',(#608,#609,#610,#616));
#608 = ORIENTED_EDGE('',*,*,#533,.F.);
#609 = ORIENTED_EDGE('',*,*,#564,.F.);
#610 = ORIENTED_EDGE('',*,*,#611,.F.);
#611 = EDGE_CURVE('',#588,#548,#612,.T.);
#612 = LINE('',#613,#614);
#613 = CARTESIAN_POINT('',(107.,-67.,0.));
#614 = VECTOR('',#615,1.);
#615 = DIRECTION('',(1.,0.,0.));
#616 = ORIENTED_EDGE('',*,*,#595,.F.);
#617 = FACE_BOUND('',#618,.F.);
#618 = EDGE_LOOP('',(#619));
#619 = ORIENTED_EDGE('',*,*,#620,.T.);
#620 = EDGE_CURVE('',#621,#621,#623,.T.);
#621 = VERTEX_POINT('',#622);
#622 = CARTESIAN_POINT('',(116.5,-122.35,0.));
#623 = CIRCLE('',#624,0.85);
#624 = AXIS2_PLACEMENT_3D('',#625,#626,#627);
#625 = CARTESIAN_POINT('',(116.5,-121.5,0.));
#626 = DIRECTION('',(-0.,0.,-1.));
#627 = DIRECTION('',(-0.,-1.,0.));
#628 = FACE_BOUND('',#629,.F.);
#629 = EDGE_LOOP('',(#630));
#630 = ORIENTED_EDGE('',*,*,#631,.T.);
#631 = EDGE_CURVE('',#632,#632,#634,.T.);
#632 = VERTEX_POINT('',#633);
#633 = CARTESIAN_POINT('',(121.58,-123.5,0.));
#634 = CIRCLE('',#635,2.);
#635 = AXIS2_PLACEMENT_3D('',#636,#637,#638);
#636 = CARTESIAN_POINT('',(121.58,-121.5,0.));
#637 = DIRECTION('',(-0.,0.,-1.));
#638 = DIRECTION('',(-0.,-1.,0.));
#639 = FACE_BOUND('',#640,.F.);
#640 = EDGE_LOOP('',(#641));
#641 = ORIENTED_EDGE('',*,*,#642,.T.);
#642 = EDGE_CURVE('',#643,#643,#645,.T.);
#643 = VERTEX_POINT('',#644);
#644 = CARTESIAN_POINT('',(131.,-125.4,0.));
#645 = CIRCLE('',#646,0.4);
#646 = AXIS2_PLACEMENT_3D('',#647,#648,#649);
#647 = CARTESIAN_POINT('',(131.,-125.,0.));
#648 = DIRECTION('',(-0.,0.,-1.));
#649 = DIRECTION('',(-0.,-1.,0.));
#650 = FACE_BOUND('',#651,.F.);
#651 = EDGE_LOOP('',(#652));
#652 = ORIENTED_EDGE('',*,*,#653,.T.);
#653 = EDGE_CURVE('',#654,#654,#656,.T.);
#654 = VERTEX_POINT('',#655);
#655 = CARTESIAN_POINT('',(126.66,-122.35,0.));
#656 = CIRCLE('',#657,0.85);
#657 = AXIS2_PLACEMENT_3D('',#658,#659,#660);
#658 = CARTESIAN_POINT('',(126.66,-121.5,0.));
#659 = DIRECTION('',(-0.,0.,-1.));
#660 = DIRECTION('',(-0.,-1.,0.));
#661 = FACE_BOUND('',#662,.F.);
#662 = EDGE_LOOP('',(#663));
#663 = ORIENTED_EDGE('',*,*,#664,.T.);
#664 = EDGE_CURVE('',#665,#665,#667,.T.);
#665 = VERTEX_POINT('',#666);
#666 = CARTESIAN_POINT('',(135.42,-122.35,0.));
#667 = CIRCLE('',#668,0.85);
#668 = AXIS2_PLACEMENT_3D('',#669,#670,#671);
#669 = CARTESIAN_POINT('',(135.42,-121.5,0.));
#670 = DIRECTION('',(-0.,0.,-1.));
#671 = DIRECTION('',(-3.343730521224E-14,-1.,0.));
#672 = FACE_BOUND('',#673,.F.);
#673 = EDGE_LOOP('',(#674));
#674 = ORIENTED_EDGE('',*,*,#675,.T.);
#675 = EDGE_CURVE('',#676,#676,#678,.T.);
#676 = VERTEX_POINT('',#677);
#677 = CARTESIAN_POINT('',(117.77,-119.71,0.));
#678 = CIRCLE('',#679,0.75);
#679 = AXIS2_PLACEMENT_3D('',#680,#681,#682);
#680 = CARTESIAN_POINT('',(117.77,-118.96,0.));
#681 = DIRECTION('',(-0.,0.,-1.));
#682 = DIRECTION('',(-0.,-1.,0.));
#683 = FACE_BOUND('',#684,.F.);
#684 = EDGE_LOOP('',(#685));
#685 = ORIENTED_EDGE('',*,*,#686,.T.);
#686 = EDGE_CURVE('',#687,#687,#689,.T.);
#687 = VERTEX_POINT('',#688);
#688 = CARTESIAN_POINT('',(124.12,-117.17,0.));
#689 = CIRCLE('',#690,0.75);
#690 = AXIS2_PLACEMENT_3D('',#691,#692,#693);
#691 = CARTESIAN_POINT('',(124.12,-116.42,0.));
#692 = DIRECTION('',(-0.,0.,-1.));
#693 = DIRECTION('',(-0.,-1.,0.));
#694 = FACE_BOUND('',#695,.F.);
#695 = EDGE_LOOP('',(#696));
#696 = ORIENTED_EDGE('',*,*,#697,.T.);
#697 = EDGE_CURVE('',#698,#698,#700,.T.);
#698 = VERTEX_POINT('',#699);
#699 = CARTESIAN_POINT('',(131.,-117.78,0.));
#700 = CIRCLE('',#701,0.4);
#701 = AXIS2_PLACEMENT_3D('',#702,#703,#704);
#702 = CARTESIAN_POINT('',(131.,-117.38,0.));
#703 = DIRECTION('',(-0.,0.,-1.));
#704 = DIRECTION('',(-0.,-1.,0.));
#705 = FACE_BOUND('',#706,.F.);
#706 = EDGE_LOOP('',(#707));
#707 = ORIENTED_EDGE('',*,*,#708,.T.);
#708 = EDGE_CURVE('',#709,#709,#711,.T.);
#709 = VERTEX_POINT('',#710);
#710 = CARTESIAN_POINT('',(140.5,-123.5,0.));
#711 = CIRCLE('',#712,2.);
#712 = AXIS2_PLACEMENT_3D('',#713,#714,#715);
#713 = CARTESIAN_POINT('',(140.5,-121.5,0.));
#714 = DIRECTION('',(-0.,0.,-1.));
#715 = DIRECTION('',(-0.,-1.,0.));
#716 = FACE_BOUND('',#717,.F.);
#717 = EDGE_LOOP('',(#718));
#718 = ORIENTED_EDGE('',*,*,#719,.T.);
#719 = EDGE_CURVE('',#720,#720,#722,.T.);
#720 = VERTEX_POINT('',#721);
#721 = CARTESIAN_POINT('',(145.58,-122.35,0.));
#722 = CIRCLE('',#723,0.85);
#723 = AXIS2_PLACEMENT_3D('',#724,#725,#726);
#724 = CARTESIAN_POINT('',(145.58,-121.5,0.));
#725 = DIRECTION('',(-0.,0.,-1.));
#726 = DIRECTION('',(3.343730521224E-14,-1.,-0.));
#727 = FACE_BOUND('',#728,.F.);
#728 = EDGE_LOOP('',(#729));
#729 = ORIENTED_EDGE('',*,*,#730,.T.);
#730 = EDGE_CURVE('',#731,#731,#733,.T.);
#731 = VERTEX_POINT('',#732);
#732 = CARTESIAN_POINT('',(150.,-125.9,0.));
#733 = CIRCLE('',#734,0.4);
#734 = AXIS2_PLACEMENT_3D('',#735,#736,#737);
#735 = CARTESIAN_POINT('',(150.,-125.5,0.));
#736 = DIRECTION('',(-0.,0.,-1.));
#737 = DIRECTION('',(-0.,-1.,0.));
#738 = FACE_BOUND('',#739,.F.);
#739 = EDGE_LOOP('',(#740));
#740 = ORIENTED_EDGE('',*,*,#741,.T.);
#741 = EDGE_CURVE('',#742,#742,#744,.T.);
#742 = VERTEX_POINT('',#743);
#743 = CARTESIAN_POINT('',(154.84,-122.35,0.));
#744 = CIRCLE('',#745,0.85);
#745 = AXIS2_PLACEMENT_3D('',#746,#747,#748);
#746 = CARTESIAN_POINT('',(154.84,-121.5,0.));
#747 = DIRECTION('',(-0.,0.,-1.));
#748 = DIRECTION('',(-0.,-1.,0.));
#749 = FACE_BOUND('',#750,.F.);
#750 = EDGE_LOOP('',(#751));
#751 = ORIENTED_EDGE('',*,*,#752,.T.);
#752 = EDGE_CURVE('',#753,#753,#755,.T.);
#753 = VERTEX_POINT('',#754);
#754 = CARTESIAN_POINT('',(136.69,-119.71,0.));
#755 = CIRCLE('',#756,0.75);
#756 = AXIS2_PLACEMENT_3D('',#757,#758,#759);
#757 = CARTESIAN_POINT('',(136.69,-118.96,0.));
#758 = DIRECTION('',(-0.,0.,-1.));
#759 = DIRECTION('',(-0.,-1.,0.));
#760 = FACE_BOUND('',#761,.F.);
#761 = EDGE_LOOP('',(#762));
#762 = ORIENTED_EDGE('',*,*,#763,.T.);
#763 = EDGE_CURVE('',#764,#764,#766,.T.);
#764 = VERTEX_POINT('',#765);
#765 = CARTESIAN_POINT('',(143.04,-117.17,0.));
#766 = CIRCLE('',#767,0.75);
#767 = AXIS2_PLACEMENT_3D('',#768,#769,#770);
#768 = CARTESIAN_POINT('',(143.04,-116.42,0.));
#769 = DIRECTION('',(-0.,0.,-1.));
#770 = DIRECTION('',(-0.,-1.,0.));
#771 = FACE_BOUND('',#772,.F.);
#772 = EDGE_LOOP('',(#773));
#773 = ORIENTED_EDGE('',*,*,#774,.T.);
#774 = EDGE_CURVE('',#775,#775,#777,.T.);
#775 = VERTEX_POINT('',#776);
#776 = CARTESIAN_POINT('',(150.,-118.28,0.));
#777 = CIRCLE('',#778,0.4);
#778 = AXIS2_PLACEMENT_3D('',#779,#780,#781);
#779 = CARTESIAN_POINT('',(150.,-117.88,0.));
#780 = DIRECTION('',(-0.,0.,-1.));
#781 = DIRECTION('',(-0.,-1.,0.));
#782 = FACE_BOUND('',#783,.F.);
#783 = EDGE_LOOP('',(#784));
#784 = ORIENTED_EDGE('',*,*,#785,.T.);
#785 = EDGE_CURVE('',#786,#786,#788,.T.);
#786 = VERTEX_POINT('',#787);
#787 = CARTESIAN_POINT('',(156.11,-119.71,0.));
#788 = CIRCLE('',#789,0.75);
#789 = AXIS2_PLACEMENT_3D('',#790,#791,#792);
#790 = CARTESIAN_POINT('',(156.11,-118.96,0.));
#791 = DIRECTION('',(-0.,0.,-1.));
#792 = DIRECTION('',(-0.,-1.,0.));
#793 = FACE_BOUND('',#794,.F.);
#794 = EDGE_LOOP('',(#795));
#795 = ORIENTED_EDGE('',*,*,#796,.T.);
#796 = EDGE_CURVE('',#797,#797,#799,.T.);
#797 = VERTEX_POINT('',#798);
#798 = CARTESIAN_POINT('',(116.73,-103.39,0.));
#799 = CIRCLE('',#800,0.85);
#800 = AXIS2_PLACEMENT_3D('',#801,#802,#803);
#801 = CARTESIAN_POINT('',(116.73,-102.54,0.));
#802 = DIRECTION('',(-0.,0.,-1.));
#803 = DIRECTION('',(1.671865260612E-14,-1.,-0.));
#804 = FACE_BOUND('',#805,.F.);
#805 = EDGE_LOOP('',(#806));
#806 = ORIENTED_EDGE('',*,*,#807,.T.);
#807 = EDGE_CURVE('',#808,#808,#810,.T.);
#808 = VERTEX_POINT('',#809);
#809 = CARTESIAN_POINT('',(121.81,-104.54,0.));
#810 = CIRCLE('',#811,2.);
#811 = AXIS2_PLACEMENT_3D('',#812,#813,#814);
#812 = CARTESIAN_POINT('',(121.81,-102.54,0.));
#813 = DIRECTION('',(-0.,0.,-1.));
#814 = DIRECTION('',(-0.,-1.,0.));
#815 = FACE_BOUND('',#816,.F.);
#816 = EDGE_LOOP('',(#817));
#817 = ORIENTED_EDGE('',*,*,#818,.T.);
#818 = EDGE_CURVE('',#819,#819,#821,.T.);
#819 = VERTEX_POINT('',#820);
#820 = CARTESIAN_POINT('',(131.,-107.4,0.));
#821 = CIRCLE('',#822,0.4);
#822 = AXIS2_PLACEMENT_3D('',#823,#824,#825);
#823 = CARTESIAN_POINT('',(131.,-107.,0.));
#824 = DIRECTION('',(-0.,0.,-1.));
#825 = DIRECTION('',(-0.,-1.,0.));
#826 = FACE_BOUND('',#827,.F.);
#827 = EDGE_LOOP('',(#828));
#828 = ORIENTED_EDGE('',*,*,#829,.T.);
#829 = EDGE_CURVE('',#830,#830,#832,.T.);
#830 = VERTEX_POINT('',#831);
#831 = CARTESIAN_POINT('',(126.89,-103.39,0.));
#832 = CIRCLE('',#833,0.85);
#833 = AXIS2_PLACEMENT_3D('',#834,#835,#836);
#834 = CARTESIAN_POINT('',(126.89,-102.54,0.));
#835 = DIRECTION('',(-0.,0.,-1.));
#836 = DIRECTION('',(-0.,-1.,0.));
#837 = FACE_BOUND('',#838,.F.);
#838 = EDGE_LOOP('',(#839));
#839 = ORIENTED_EDGE('',*,*,#840,.T.);
#840 = EDGE_CURVE('',#841,#841,#843,.T.);
#841 = VERTEX_POINT('',#842);
#842 = CARTESIAN_POINT('',(135.92,-103.485,0.));
#843 = CIRCLE('',#844,0.85);
#844 = AXIS2_PLACEMENT_3D('',#845,#846,#847);
#845 = CARTESIAN_POINT('',(135.92,-102.635,0.));
#846 = DIRECTION('',(-0.,0.,-1.));
#847 = DIRECTION('',(-3.343730521224E-14,-1.,0.));
#848 = FACE_BOUND('',#849,.F.);
#849 = EDGE_LOOP('',(#850));
#850 = ORIENTED_EDGE('',*,*,#851,.T.);
#851 = EDGE_CURVE('',#852,#852,#854,.T.);
#852 = VERTEX_POINT('',#853);
#853 = CARTESIAN_POINT('',(141.,-104.635,0.));
#854 = CIRCLE('',#855,2.);
#855 = AXIS2_PLACEMENT_3D('',#856,#857,#858);
#856 = CARTESIAN_POINT('',(141.,-102.635,0.));
#857 = DIRECTION('',(-0.,0.,-1.));
#858 = DIRECTION('',(-0.,-1.,0.));
#859 = FACE_BOUND('',#860,.F.);
#860 = EDGE_LOOP('',(#861));
#861 = ORIENTED_EDGE('',*,*,#862,.T.);
#862 = EDGE_CURVE('',#863,#863,#865,.T.);
#863 = VERTEX_POINT('',#864);
#864 = CARTESIAN_POINT('',(146.08,-103.485,0.));
#865 = CIRCLE('',#866,0.85);
#866 = AXIS2_PLACEMENT_3D('',#867,#868,#869);
#867 = CARTESIAN_POINT('',(146.08,-102.635,0.));
#868 = DIRECTION('',(-0.,0.,-1.));
#869 = DIRECTION('',(3.343730521224E-14,-1.,-0.));
#870 = FACE_BOUND('',#871,.F.);
#871 = EDGE_LOOP('',(#872));
#872 = ORIENTED_EDGE('',*,*,#873,.T.);
#873 = EDGE_CURVE('',#874,#874,#876,.T.);
#874 = VERTEX_POINT('',#875);
#875 = CARTESIAN_POINT('',(150.5,-106.02,0.));
#876 = CIRCLE('',#877,0.4);
#877 = AXIS2_PLACEMENT_3D('',#878,#879,#880);
#878 = CARTESIAN_POINT('',(150.5,-105.62,0.));
#879 = DIRECTION('',(-0.,0.,-1.));
#880 = DIRECTION('',(-0.,-1.,0.));
#881 = FACE_BOUND('',#882,.F.);
#882 = EDGE_LOOP('',(#883));
#883 = ORIENTED_EDGE('',*,*,#884,.T.);
#884 = EDGE_CURVE('',#885,#885,#887,.T.);
#885 = VERTEX_POINT('',#886);
#886 = CARTESIAN_POINT('',(154.92,-103.485,0.));
#887 = CIRCLE('',#888,0.85);
#888 = AXIS2_PLACEMENT_3D('',#889,#890,#891);
#889 = CARTESIAN_POINT('',(154.92,-102.635,0.));
#890 = DIRECTION('',(-0.,0.,-1.));
#891 = DIRECTION('',(-3.343730521224E-14,-1.,0.));
#892 = FACE_BOUND('',#893,.F.);
#893 = EDGE_LOOP('',(#894));
#894 = ORIENTED_EDGE('',*,*,#895,.T.);
#895 = EDGE_CURVE('',#896,#896,#898,.T.);
#896 = VERTEX_POINT('',#897);
#897 = CARTESIAN_POINT('',(159.92,-123.5,0.));
#898 = CIRCLE('',#899,2.);
#899 = AXIS2_PLACEMENT_3D('',#900,#901,#902);
#900 = CARTESIAN_POINT('',(159.92,-121.5,0.));
#901 = DIRECTION('',(-0.,0.,-1.));
#902 = DIRECTION('',(-0.,-1.,0.));
#903 = FACE_BOUND('',#904,.F.);
#904 = EDGE_LOOP('',(#905));
#905 = ORIENTED_EDGE('',*,*,#906,.T.);
#906 = EDGE_CURVE('',#907,#907,#909,.T.);
#907 = VERTEX_POINT('',#908);
#908 = CARTESIAN_POINT('',(165.,-122.35,0.));
#909 = CIRCLE('',#910,0.85);
#910 = AXIS2_PLACEMENT_3D('',#911,#912,#913);
#911 = CARTESIAN_POINT('',(165.,-121.5,0.));
#912 = DIRECTION('',(-0.,0.,-1.));
#913 = DIRECTION('',(-0.,-1.,0.));
#914 = FACE_BOUND('',#915,.F.);
#915 = EDGE_LOOP('',(#916));
#916 = ORIENTED_EDGE('',*,*,#917,.T.);
#917 = EDGE_CURVE('',#918,#918,#920,.T.);
#918 = VERTEX_POINT('',#919);
#919 = CARTESIAN_POINT('',(170.,-125.21,0.));
#920 = CIRCLE('',#921,0.4);
#921 = AXIS2_PLACEMENT_3D('',#922,#923,#924);
#922 = CARTESIAN_POINT('',(170.,-124.81,0.));
#923 = DIRECTION('',(-0.,0.,-1.));
#924 = DIRECTION('',(-0.,-1.,0.));
#925 = FACE_BOUND('',#926,.F.);
#926 = EDGE_LOOP('',(#927));
#927 = ORIENTED_EDGE('',*,*,#928,.T.);
#928 = EDGE_CURVE('',#929,#929,#931,.T.);
#929 = VERTEX_POINT('',#930);
#930 = CARTESIAN_POINT('',(162.46,-117.17,0.));
#931 = CIRCLE('',#932,0.75);
#932 = AXIS2_PLACEMENT_3D('',#933,#934,#935);
#933 = CARTESIAN_POINT('',(162.46,-116.42,0.));
#934 = DIRECTION('',(-0.,0.,-1.));
#935 = DIRECTION('',(-0.,-1.,0.));
#936 = FACE_BOUND('',#937,.F.);
#937 = EDGE_LOOP('',(#938));
#938 = ORIENTED_EDGE('',*,*,#939,.T.);
#939 = EDGE_CURVE('',#940,#940,#942,.T.);
#940 = VERTEX_POINT('',#941);
#941 = CARTESIAN_POINT('',(170.,-117.59,0.));
#942 = CIRCLE('',#943,0.4);
#943 = AXIS2_PLACEMENT_3D('',#944,#945,#946);
#944 = CARTESIAN_POINT('',(170.,-117.19,0.));
#945 = DIRECTION('',(-0.,0.,-1.));
#946 = DIRECTION('',(-0.,-1.,0.));
#947 = FACE_BOUND('',#948,.F.);
#948 = EDGE_LOOP('',(#949,#960,#968,#977));
#949 = ORIENTED_EDGE('',*,*,#950,.T.);
#950 = EDGE_CURVE('',#951,#953,#955,.T.);
#951 = VERTEX_POINT('',#952);
#952 = CARTESIAN_POINT('',(190.9,-119.35,0.));
#953 = VERTEX_POINT('',#954);
#954 = CARTESIAN_POINT('',(190.9,-120.85,0.));
#955 = CIRCLE('',#956,0.75);
#956 = AXIS2_PLACEMENT_3D('',#957,#958,#959);
#957 = CARTESIAN_POINT('',(190.9,-120.1,0.));
#958 = DIRECTION('',(-0.,0.,-1.));
#959 = DIRECTION('',(-0.,-1.,0.));
#960 = ORIENTED_EDGE('',*,*,#961,.T.);
#961 = EDGE_CURVE('',#953,#962,#964,.T.);
#962 = VERTEX_POINT('',#963);
#963 = CARTESIAN_POINT('',(189.6,-120.85,0.));
#964 = LINE('',#965,#966);
#965 = CARTESIAN_POINT('',(94.8,-120.85,0.));
#966 = VECTOR('',#967,1.);
#967 = DIRECTION('',(-1.,0.,0.));
#968 = ORIENTED_EDGE('',*,*,#969,.T.);
#969 = EDGE_CURVE('',#962,#970,#972,.T.);
#970 = VERTEX_POINT('',#971);
#971 = CARTESIAN_POINT('',(189.6,-119.35,0.));
#972 = CIRCLE('',#973,0.75);
#973 = AXIS2_PLACEMENT_3D('',#974,#975,#976);
#974 = CARTESIAN_POINT('',(189.6,-120.1,0.));
#975 = DIRECTION('',(-0.,0.,-1.));
#976 = DIRECTION('',(0.,1.,0.));
#977 = ORIENTED_EDGE('',*,*,#978,.T.);
#978 = EDGE_CURVE('',#970,#951,#979,.T.);
#979 = LINE('',#980,#981);
#980 = CARTESIAN_POINT('',(95.45,-119.35,0.));
#981 = VECTOR('',#982,1.);
#982 = DIRECTION('',(1.,0.,-0.));
#983 = FACE_BOUND('',#984,.F.);
#984 = EDGE_LOOP('',(#985));
#985 = ORIENTED_EDGE('',*,*,#986,.T.);
#986 = EDGE_CURVE('',#987,#987,#989,.T.);
#987 = VERTEX_POINT('',#988);
#988 = CARTESIAN_POINT('',(182.75,-117.5,0.));
#989 = CIRCLE('',#990,0.5);
#990 = AXIS2_PLACEMENT_3D('',#991,#992,#993);
#991 = CARTESIAN_POINT('',(182.75,-117.,0.));
#992 = DIRECTION('',(-0.,0.,-1.));
#993 = DIRECTION('',(-0.,-1.,0.));
#994 = FACE_BOUND('',#995,.F.);
#995 = EDGE_LOOP('',(#996));
#996 = ORIENTED_EDGE('',*,*,#997,.T.);
#997 = EDGE_CURVE('',#998,#998,#1000,.T.);
#998 = VERTEX_POINT('',#999);
#999 = CARTESIAN_POINT('',(182.75,-115.,0.));
#1000 = CIRCLE('',#1001,0.5);
#1001 = AXIS2_PLACEMENT_3D('',#1002,#1003,#1004);
#1002 = CARTESIAN_POINT('',(182.75,-114.5,0.));
#1003 = DIRECTION('',(-0.,0.,-1.));
#1004 = DIRECTION('',(-0.,-1.,0.));
#1005 = FACE_BOUND('',#1006,.F.);
#1006 = EDGE_LOOP('',(#1007));
#1007 = ORIENTED_EDGE('',*,*,#1008,.T.);
#1008 = EDGE_CURVE('',#1009,#1009,#1011,.T.);
#1009 = VERTEX_POINT('',#1010);
#1010 = CARTESIAN_POINT('',(197.25,-117.5,0.));
#1011 = CIRCLE('',#1012,0.5);
#1012 = AXIS2_PLACEMENT_3D('',#1013,#1014,#1015);
#1013 = CARTESIAN_POINT('',(197.25,-117.,0.));
#1014 = DIRECTION('',(-0.,0.,-1.));
#1015 = DIRECTION('',(-0.,-1.,0.));
#1016 = FACE_BOUND('',#1017,.F.);
#1017 = EDGE_LOOP('',(#1018));
#1018 = ORIENTED_EDGE('',*,*,#1019,.T.);
#1019 = EDGE_CURVE('',#1020,#1020,#1022,.T.);
#1020 = VERTEX_POINT('',#1021);
#1021 = CARTESIAN_POINT('',(160.,-104.635,0.));
#1022 = CIRCLE('',#1023,2.);
#1023 = AXIS2_PLACEMENT_3D('',#1024,#1025,#1026);
#1024 = CARTESIAN_POINT('',(160.,-102.635,0.));
#1025 = DIRECTION('',(-0.,0.,-1.));
#1026 = DIRECTION('',(-0.,-1.,0.));
#1027 = FACE_BOUND('',#1028,.F.);
#1028 = EDGE_LOOP('',(#1029));
#1029 = ORIENTED_EDGE('',*,*,#1030,.T.);
#1030 = EDGE_CURVE('',#1031,#1031,#1033,.T.);
#1031 = VERTEX_POINT('',#1032);
#1032 = CARTESIAN_POINT('',(165.08,-103.485,0.));
#1033 = CIRCLE('',#1034,0.85);
#1034 = AXIS2_PLACEMENT_3D('',#1035,#1036,#1037);
#1035 = CARTESIAN_POINT('',(165.08,-102.635,0.));
#1036 = DIRECTION('',(-0.,0.,-1.));
#1037 = DIRECTION('',(3.343730521224E-14,-1.,-0.));
#1038 = FACE_BOUND('',#1039,.F.);
#1039 = EDGE_LOOP('',(#1040));
#1040 = ORIENTED_EDGE('',*,*,#1041,.T.);
#1041 = EDGE_CURVE('',#1042,#1042,#1044,.T.);
#1042 = VERTEX_POINT('',#1043);
#1043 = CARTESIAN_POINT('',(169.5,-106.71,0.));
#1044 = CIRCLE('',#1045,0.4);
#1045 = AXIS2_PLACEMENT_3D('',#1046,#1047,#1048);
#1046 = CARTESIAN_POINT('',(169.5,-106.31,0.));
#1047 = DIRECTION('',(-0.,0.,-1.));
#1048 = DIRECTION('',(-0.,-1.,0.));
#1049 = FACE_BOUND('',#1050,.F.);
#1050 = EDGE_LOOP('',(#1051));
#1051 = ORIENTED_EDGE('',*,*,#1052,.T.);
#1052 = EDGE_CURVE('',#1053,#1053,#1055,.T.);
#1053 = VERTEX_POINT('',#1054);
#1054 = CARTESIAN_POINT('',(182.75,-112.5,0.));
#1055 = CIRCLE('',#1056,0.5);
#1056 = AXIS2_PLACEMENT_3D('',#1057,#1058,#1059);
#1057 = CARTESIAN_POINT('',(182.75,-112.,0.));
#1058 = DIRECTION('',(-0.,0.,-1.));
#1059 = DIRECTION('',(-0.,-1.,0.));
#1060 = FACE_BOUND('',#1061,.F.);
#1061 = EDGE_LOOP('',(#1062));
#1062 = ORIENTED_EDGE('',*,*,#1063,.T.);
#1063 = EDGE_CURVE('',#1064,#1064,#1066,.T.);
#1064 = VERTEX_POINT('',#1065);
#1065 = CARTESIAN_POINT('',(197.25,-112.5,0.));
#1066 = CIRCLE('',#1067,0.5);
#1067 = AXIS2_PLACEMENT_3D('',#1068,#1069,#1070);
#1068 = CARTESIAN_POINT('',(197.25,-112.,0.));
#1069 = DIRECTION('',(-0.,0.,-1.));
#1070 = DIRECTION('',(-0.,-1.,0.));
#1071 = FACE_BOUND('',#1072,.F.);
#1072 = EDGE_LOOP('',(#1073,#1084,#1092,#1101));
#1073 = ORIENTED_EDGE('',*,*,#1074,.T.);
#1074 = EDGE_CURVE('',#1075,#1077,#1079,.T.);
#1075 = VERTEX_POINT('',#1076);
#1076 = CARTESIAN_POINT('',(190.9,-108.15,0.));
#1077 = VERTEX_POINT('',#1078);
#1078 = CARTESIAN_POINT('',(190.9,-109.65,0.));
#1079 = CIRCLE('',#1080,0.75);
#1080 = AXIS2_PLACEMENT_3D('',#1081,#1082,#1083);
#1081 = CARTESIAN_POINT('',(190.9,-108.9,0.));
#1082 = DIRECTION('',(-0.,0.,-1.));
#1083 = DIRECTION('',(-0.,-1.,0.));
#1084 = ORIENTED_EDGE('',*,*,#1085,.T.);
#1085 = EDGE_CURVE('',#1077,#1086,#1088,.T.);
#1086 = VERTEX_POINT('',#1087);
#1087 = CARTESIAN_POINT('',(189.6,-109.65,0.));
#1088 = LINE('',#1089,#1090);
#1089 = CARTESIAN_POINT('',(94.8,-109.65,0.));
#1090 = VECTOR('',#1091,1.);
#1091 = DIRECTION('',(-1.,0.,0.));
#1092 = ORIENTED_EDGE('',*,*,#1093,.T.);
#1093 = EDGE_CURVE('',#1086,#1094,#1096,.T.);
#1094 = VERTEX_POINT('',#1095);
#1095 = CARTESIAN_POINT('',(189.6,-108.15,0.));
#1096 = CIRCLE('',#1097,0.75);
#1097 = AXIS2_PLACEMENT_3D('',#1098,#1099,#1100);
#1098 = CARTESIAN_POINT('',(189.6,-108.9,0.));
#1099 = DIRECTION('',(-0.,0.,-1.));
#1100 = DIRECTION('',(0.,1.,0.));
#1101 = ORIENTED_EDGE('',*,*,#1102,.T.);
#1102 = EDGE_CURVE('',#1094,#1075,#1103,.T.);
#1103 = LINE('',#1104,#1105);
#1104 = CARTESIAN_POINT('',(95.45,-108.15,0.));
#1105 = VECTOR('',#1106,1.);
#1106 = DIRECTION('',(1.,0.,-0.));
#1107 = FACE_BOUND('',#1108,.F.);
#1108 = EDGE_LOOP('',(#1109));
#1109 = ORIENTED_EDGE('',*,*,#1110,.T.);
#1110 = EDGE_CURVE('',#1111,#1111,#1113,.T.);
#1111 = VERTEX_POINT('',#1112);
#1112 = CARTESIAN_POINT('',(118.,-100.75,0.));
#1113 = CIRCLE('',#1114,0.75);
#1114 = AXIS2_PLACEMENT_3D('',#1115,#1116,#1117);
#1115 = CARTESIAN_POINT('',(118.,-100.,0.));
#1116 = DIRECTION('',(-0.,0.,-1.));
#1117 = DIRECTION('',(-0.,-1.,0.));
#1118 = FACE_BOUND('',#1119,.F.);
#1119 = EDGE_LOOP('',(#1120));
#1120 = ORIENTED_EDGE('',*,*,#1121,.T.);
#1121 = EDGE_CURVE('',#1122,#1122,#1124,.T.);
#1122 = VERTEX_POINT('',#1123);
#1123 = CARTESIAN_POINT('',(124.35,-98.21,0.));
#1124 = CIRCLE('',#1125,0.75);
#1125 = AXIS2_PLACEMENT_3D('',#1126,#1127,#1128);
#1126 = CARTESIAN_POINT('',(124.35,-97.46,0.));
#1127 = DIRECTION('',(-0.,0.,-1.));
#1128 = DIRECTION('',(-0.,-1.,0.));
#1129 = FACE_BOUND('',#1130,.F.);
#1130 = EDGE_LOOP('',(#1131));
#1131 = ORIENTED_EDGE('',*,*,#1132,.T.);
#1132 = EDGE_CURVE('',#1133,#1133,#1135,.T.);
#1133 = VERTEX_POINT('',#1134);
#1134 = CARTESIAN_POINT('',(131.,-99.78,0.));
#1135 = CIRCLE('',#1136,0.4);
#1136 = AXIS2_PLACEMENT_3D('',#1137,#1138,#1139);
#1137 = CARTESIAN_POINT('',(131.,-99.38,0.));
#1138 = DIRECTION('',(-0.,0.,-1.));
#1139 = DIRECTION('',(-0.,-1.,0.));
#1140 = FACE_BOUND('',#1141,.F.);
#1141 = EDGE_LOOP('',(#1142));
#1142 = ORIENTED_EDGE('',*,*,#1143,.T.);
#1143 = EDGE_CURVE('',#1144,#1144,#1146,.T.);
#1144 = VERTEX_POINT('',#1145);
#1145 = CARTESIAN_POINT('',(137.19,-100.845,0.));
#1146 = CIRCLE('',#1147,0.75);
#1147 = AXIS2_PLACEMENT_3D('',#1148,#1149,#1150);
#1148 = CARTESIAN_POINT('',(137.19,-100.095,0.));
#1149 = DIRECTION('',(-0.,0.,-1.));
#1150 = DIRECTION('',(-0.,-1.,0.));
#1151 = FACE_BOUND('',#1152,.F.);
#1152 = EDGE_LOOP('',(#1153));
#1153 = ORIENTED_EDGE('',*,*,#1154,.T.);
#1154 = EDGE_CURVE('',#1155,#1155,#1157,.T.);
#1155 = VERTEX_POINT('',#1156);
#1156 = CARTESIAN_POINT('',(143.54,-98.305,0.));
#1157 = CIRCLE('',#1158,0.75);
#1158 = AXIS2_PLACEMENT_3D('',#1159,#1160,#1161);
#1159 = CARTESIAN_POINT('',(143.54,-97.555,0.));
#1160 = DIRECTION('',(-0.,0.,-1.));
#1161 = DIRECTION('',(-0.,-1.,0.));
#1162 = FACE_BOUND('',#1163,.F.);
#1163 = EDGE_LOOP('',(#1164));
#1164 = ORIENTED_EDGE('',*,*,#1165,.T.);
#1165 = EDGE_CURVE('',#1166,#1166,#1168,.T.);
#1166 = VERTEX_POINT('',#1167);
#1167 = CARTESIAN_POINT('',(156.19,-100.845,0.));
#1168 = CIRCLE('',#1169,0.75);
#1169 = AXIS2_PLACEMENT_3D('',#1170,#1171,#1172);
#1170 = CARTESIAN_POINT('',(156.19,-100.095,0.));
#1171 = DIRECTION('',(-0.,0.,-1.));
#1172 = DIRECTION('',(-0.,-1.,0.));
#1173 = FACE_BOUND('',#1174,.F.);
#1174 = EDGE_LOOP('',(#1175));
#1175 = ORIENTED_EDGE('',*,*,#1176,.T.);
#1176 = EDGE_CURVE('',#1177,#1177,#1179,.T.);
#1177 = VERTEX_POINT('',#1178);
#1178 = CARTESIAN_POINT('',(150.5,-98.4,0.));
#1179 = CIRCLE('',#1180,0.4);
#1180 = AXIS2_PLACEMENT_3D('',#1181,#1182,#1183);
#1181 = CARTESIAN_POINT('',(150.5,-98.,0.));
#1182 = DIRECTION('',(-0.,0.,-1.));
#1183 = DIRECTION('',(-0.,-1.,0.));
#1184 = FACE_BOUND('',#1185,.F.);
#1185 = EDGE_LOOP('',(#1186));
#1186 = ORIENTED_EDGE('',*,*,#1187,.T.);
#1187 = EDGE_CURVE('',#1188,#1188,#1190,.T.);
#1188 = VERTEX_POINT('',#1189);
#1189 = CARTESIAN_POINT('',(116.73,-84.39,0.));
#1190 = CIRCLE('',#1191,0.85);
#1191 = AXIS2_PLACEMENT_3D('',#1192,#1193,#1194);
#1192 = CARTESIAN_POINT('',(116.73,-83.54,0.));
#1193 = DIRECTION('',(-0.,0.,-1.));
#1194 = DIRECTION('',(1.671865260612E-14,-1.,-0.));
#1195 = FACE_BOUND('',#1196,.F.);
#1196 = EDGE_LOOP('',(#1197));
#1197 = ORIENTED_EDGE('',*,*,#1198,.T.);
#1198 = EDGE_CURVE('',#1199,#1199,#1201,.T.);
#1199 = VERTEX_POINT('',#1200);
#1200 = CARTESIAN_POINT('',(121.81,-85.54,0.));
#1201 = CIRCLE('',#1202,2.);
#1202 = AXIS2_PLACEMENT_3D('',#1203,#1204,#1205);
#1203 = CARTESIAN_POINT('',(121.81,-83.54,0.));
#1204 = DIRECTION('',(-0.,0.,-1.));
#1205 = DIRECTION('',(-0.,-1.,0.));
#1206 = FACE_BOUND('',#1207,.F.);
#1207 = EDGE_LOOP('',(#1208));
#1208 = ORIENTED_EDGE('',*,*,#1209,.T.);
#1209 = EDGE_CURVE('',#1210,#1210,#1212,.T.);
#1210 = VERTEX_POINT('',#1211);
#1211 = CARTESIAN_POINT('',(131.5,-88.21,0.));
#1212 = CIRCLE('',#1213,0.4);
#1213 = AXIS2_PLACEMENT_3D('',#1214,#1215,#1216);
#1214 = CARTESIAN_POINT('',(131.5,-87.81,0.));
#1215 = DIRECTION('',(-0.,0.,-1.));
#1216 = DIRECTION('',(-0.,-1.,0.));
#1217 = FACE_BOUND('',#1218,.F.);
#1218 = EDGE_LOOP('',(#1219));
#1219 = ORIENTED_EDGE('',*,*,#1220,.T.);
#1220 = EDGE_CURVE('',#1221,#1221,#1223,.T.);
#1221 = VERTEX_POINT('',#1222);
#1222 = CARTESIAN_POINT('',(126.89,-84.39,0.));
#1223 = CIRCLE('',#1224,0.85);
#1224 = AXIS2_PLACEMENT_3D('',#1225,#1226,#1227);
#1225 = CARTESIAN_POINT('',(126.89,-83.54,0.));
#1226 = DIRECTION('',(-0.,0.,-1.));
#1227 = DIRECTION('',(-0.,-1.,0.));
#1228 = FACE_BOUND('',#1229,.F.);
#1229 = EDGE_LOOP('',(#1230));
#1230 = ORIENTED_EDGE('',*,*,#1231,.T.);
#1231 = EDGE_CURVE('',#1232,#1232,#1234,.T.);
#1232 = VERTEX_POINT('',#1233);
#1233 = CARTESIAN_POINT('',(136.055,-84.39,0.));
#1234 = CIRCLE('',#1235,0.85);
#1235 = AXIS2_PLACEMENT_3D('',#1236,#1237,#1238);
#1236 = CARTESIAN_POINT('',(136.055,-83.54,0.));
#1237 = DIRECTION('',(-0.,0.,-1.));
#1238 = DIRECTION('',(-0.,-1.,0.));
#1239 = FACE_BOUND('',#1240,.F.);
#1240 = EDGE_LOOP('',(#1241));
#1241 = ORIENTED_EDGE('',*,*,#1242,.T.);
#1242 = EDGE_CURVE('',#1243,#1243,#1245,.T.);
#1243 = VERTEX_POINT('',#1244);
#1244 = CARTESIAN_POINT('',(118.,-81.75,0.));
#1245 = CIRCLE('',#1246,0.75);
#1246 = AXIS2_PLACEMENT_3D('',#1247,#1248,#1249);
#1247 = CARTESIAN_POINT('',(118.,-81.,0.));
#1248 = DIRECTION('',(-0.,0.,-1.));
#1249 = DIRECTION('',(-0.,-1.,0.));
#1250 = FACE_BOUND('',#1251,.F.);
#1251 = EDGE_LOOP('',(#1252));
#1252 = ORIENTED_EDGE('',*,*,#1253,.T.);
#1253 = EDGE_CURVE('',#1254,#1254,#1256,.T.);
#1254 = VERTEX_POINT('',#1255);
#1255 = CARTESIAN_POINT('',(124.35,-79.21,0.));
#1256 = CIRCLE('',#1257,0.75);
#1257 = AXIS2_PLACEMENT_3D('',#1258,#1259,#1260);
#1258 = CARTESIAN_POINT('',(124.35,-78.46,0.));
#1259 = DIRECTION('',(-0.,0.,-1.));
#1260 = DIRECTION('',(-0.,-1.,0.));
#1261 = FACE_BOUND('',#1262,.F.);
#1262 = EDGE_LOOP('',(#1263));
#1263 = ORIENTED_EDGE('',*,*,#1264,.T.);
#1264 = EDGE_CURVE('',#1265,#1265,#1267,.T.);
#1265 = VERTEX_POINT('',#1266);
#1266 = CARTESIAN_POINT('',(131.5,-80.59,0.));
#1267 = CIRCLE('',#1268,0.4);
#1268 = AXIS2_PLACEMENT_3D('',#1269,#1270,#1271);
#1269 = CARTESIAN_POINT('',(131.5,-80.19,0.));
#1270 = DIRECTION('',(-0.,0.,-1.));
#1271 = DIRECTION('',(-0.,-1.,0.));
#1272 = FACE_BOUND('',#1273,.F.);
#1273 = EDGE_LOOP('',(#1274));
#1274 = ORIENTED_EDGE('',*,*,#1275,.T.);
#1275 = EDGE_CURVE('',#1276,#1276,#1278,.T.);
#1276 = VERTEX_POINT('',#1277);
#1277 = CARTESIAN_POINT('',(141.135,-85.54,0.));
#1278 = CIRCLE('',#1279,2.);
#1279 = AXIS2_PLACEMENT_3D('',#1280,#1281,#1282);
#1280 = CARTESIAN_POINT('',(141.135,-83.54,0.));
#1281 = DIRECTION('',(-0.,0.,-1.));
#1282 = DIRECTION('',(-0.,-1.,0.));
#1283 = FACE_BOUND('',#1284,.F.);
#1284 = EDGE_LOOP('',(#1285));
#1285 = ORIENTED_EDGE('',*,*,#1286,.T.);
#1286 = EDGE_CURVE('',#1287,#1287,#1289,.T.);
#1287 = VERTEX_POINT('',#1288);
#1288 = CARTESIAN_POINT('',(146.215,-84.39,0.));
#1289 = CIRCLE('',#1290,0.85);
#1290 = AXIS2_PLACEMENT_3D('',#1291,#1292,#1293);
#1291 = CARTESIAN_POINT('',(146.215,-83.54,0.));
#1292 = DIRECTION('',(-0.,0.,-1.));
#1293 = DIRECTION('',(-0.,-1.,0.));
#1294 = FACE_BOUND('',#1295,.F.);
#1295 = EDGE_LOOP('',(#1296));
#1296 = ORIENTED_EDGE('',*,*,#1297,.T.);
#1297 = EDGE_CURVE('',#1298,#1298,#1300,.T.);
#1298 = VERTEX_POINT('',#1299);
#1299 = CARTESIAN_POINT('',(150.5,-87.9,0.));
#1300 = CIRCLE('',#1301,0.4);
#1301 = AXIS2_PLACEMENT_3D('',#1302,#1303,#1304);
#1302 = CARTESIAN_POINT('',(150.5,-87.5,0.));
#1303 = DIRECTION('',(-0.,0.,-1.));
#1304 = DIRECTION('',(-0.,-1.,0.));
#1305 = FACE_BOUND('',#1306,.F.);
#1306 = EDGE_LOOP('',(#1307));
#1307 = ORIENTED_EDGE('',*,*,#1308,.T.);
#1308 = EDGE_CURVE('',#1309,#1309,#1311,.T.);
#1309 = VERTEX_POINT('',#1310);
#1310 = CARTESIAN_POINT('',(154.84,-84.43,0.));
#1311 = CIRCLE('',#1312,0.85);
#1312 = AXIS2_PLACEMENT_3D('',#1313,#1314,#1315);
#1313 = CARTESIAN_POINT('',(154.84,-83.58,0.));
#1314 = DIRECTION('',(-0.,0.,-1.));
#1315 = DIRECTION('',(-0.,-1.,0.));
#1316 = FACE_BOUND('',#1317,.F.);
#1317 = EDGE_LOOP('',(#1318));
#1318 = ORIENTED_EDGE('',*,*,#1319,.T.);
#1319 = EDGE_CURVE('',#1320,#1320,#1322,.T.);
#1320 = VERTEX_POINT('',#1321);
#1321 = CARTESIAN_POINT('',(137.325,-81.75,0.));
#1322 = CIRCLE('',#1323,0.75);
#1323 = AXIS2_PLACEMENT_3D('',#1324,#1325,#1326);
#1324 = CARTESIAN_POINT('',(137.325,-81.,0.));
#1325 = DIRECTION('',(-0.,0.,-1.));
#1326 = DIRECTION('',(-0.,-1.,0.));
#1327 = FACE_BOUND('',#1328,.F.);
#1328 = EDGE_LOOP('',(#1329));
#1329 = ORIENTED_EDGE('',*,*,#1330,.T.);
#1330 = EDGE_CURVE('',#1331,#1331,#1333,.T.);
#1331 = VERTEX_POINT('',#1332);
#1332 = CARTESIAN_POINT('',(143.675,-79.21,0.));
#1333 = CIRCLE('',#1334,0.75);
#1334 = AXIS2_PLACEMENT_3D('',#1335,#1336,#1337);
#1335 = CARTESIAN_POINT('',(143.675,-78.46,0.));
#1336 = DIRECTION('',(-0.,0.,-1.));
#1337 = DIRECTION('',(-0.,-1.,0.));
#1338 = FACE_BOUND('',#1339,.F.);
#1339 = EDGE_LOOP('',(#1340));
#1340 = ORIENTED_EDGE('',*,*,#1341,.T.);
#1341 = EDGE_CURVE('',#1342,#1342,#1344,.T.);
#1342 = VERTEX_POINT('',#1343);
#1343 = CARTESIAN_POINT('',(150.5,-80.28,0.));
#1344 = CIRCLE('',#1345,0.4);
#1345 = AXIS2_PLACEMENT_3D('',#1346,#1347,#1348);
#1346 = CARTESIAN_POINT('',(150.5,-79.88,0.));
#1347 = DIRECTION('',(-0.,0.,-1.));
#1348 = DIRECTION('',(-0.,-1.,0.));
#1349 = FACE_BOUND('',#1350,.F.);
#1350 = EDGE_LOOP('',(#1351));
#1351 = ORIENTED_EDGE('',*,*,#1352,.T.);
#1352 = EDGE_CURVE('',#1353,#1353,#1355,.T.);
#1353 = VERTEX_POINT('',#1354);
#1354 = CARTESIAN_POINT('',(156.11,-81.79,0.));
#1355 = CIRCLE('',#1356,0.75);
#1356 = AXIS2_PLACEMENT_3D('',#1357,#1358,#1359);
#1357 = CARTESIAN_POINT('',(156.11,-81.04,0.));
#1358 = DIRECTION('',(-0.,0.,-1.));
#1359 = DIRECTION('',(-0.,-1.,0.));
#1360 = FACE_BOUND('',#1361,.F.);
#1361 = EDGE_LOOP('',(#1362));
#1362 = ORIENTED_EDGE('',*,*,#1363,.T.);
#1363 = EDGE_CURVE('',#1364,#1364,#1366,.T.);
#1364 = VERTEX_POINT('',#1365);
#1365 = CARTESIAN_POINT('',(162.54,-98.305,0.));
#1366 = CIRCLE('',#1367,0.75);
#1367 = AXIS2_PLACEMENT_3D('',#1368,#1369,#1370);
#1368 = CARTESIAN_POINT('',(162.54,-97.555,0.));
#1369 = DIRECTION('',(-0.,0.,-1.));
#1370 = DIRECTION('',(-0.,-1.,0.));
#1371 = FACE_BOUND('',#1372,.F.);
#1372 = EDGE_LOOP('',(#1373));
#1373 = ORIENTED_EDGE('',*,*,#1374,.T.);
#1374 = EDGE_CURVE('',#1375,#1375,#1377,.T.);
#1375 = VERTEX_POINT('',#1376);
#1376 = CARTESIAN_POINT('',(169.5,-99.09,0.));
#1377 = CIRCLE('',#1378,0.4);
#1378 = AXIS2_PLACEMENT_3D('',#1379,#1380,#1381);
#1379 = CARTESIAN_POINT('',(169.5,-98.69,0.));
#1380 = DIRECTION('',(-0.,0.,-1.));
#1381 = DIRECTION('',(-0.,-1.,0.));
#1382 = FACE_BOUND('',#1383,.F.);
#1383 = EDGE_LOOP('',(#1384));
#1384 = ORIENTED_EDGE('',*,*,#1385,.T.);
#1385 = EDGE_CURVE('',#1386,#1386,#1388,.T.);
#1386 = VERTEX_POINT('',#1387);
#1387 = CARTESIAN_POINT('',(183.5,-92.75,0.));
#1388 = CIRCLE('',#1389,0.5);
#1389 = AXIS2_PLACEMENT_3D('',#1390,#1391,#1392);
#1390 = CARTESIAN_POINT('',(183.5,-92.25,0.));
#1391 = DIRECTION('',(-0.,0.,-1.));
#1392 = DIRECTION('',(-0.,-1.,0.));
#1393 = FACE_BOUND('',#1394,.F.);
#1394 = EDGE_LOOP('',(#1395));
#1395 = ORIENTED_EDGE('',*,*,#1396,.T.);
#1396 = EDGE_CURVE('',#1397,#1397,#1399,.T.);
#1397 = VERTEX_POINT('',#1398);
#1398 = CARTESIAN_POINT('',(186.04,-92.75,0.));
#1399 = CIRCLE('',#1400,0.5);
#1400 = AXIS2_PLACEMENT_3D('',#1401,#1402,#1403);
#1401 = CARTESIAN_POINT('',(186.04,-92.25,0.));
#1402 = DIRECTION('',(-0.,0.,-1.));
#1403 = DIRECTION('',(-0.,-1.,0.));
#1404 = FACE_BOUND('',#1405,.F.);
#1405 = EDGE_LOOP('',(#1406));
#1406 = ORIENTED_EDGE('',*,*,#1407,.T.);
#1407 = EDGE_CURVE('',#1408,#1408,#1410,.T.);
#1408 = VERTEX_POINT('',#1409);
#1409 = CARTESIAN_POINT('',(188.58,-92.75,0.));
#1410 = CIRCLE('',#1411,0.5);
#1411 = AXIS2_PLACEMENT_3D('',#1412,#1413,#1414);
#1412 = CARTESIAN_POINT('',(188.58,-92.25,0.));
#1413 = DIRECTION('',(-0.,0.,-1.));
#1414 = DIRECTION('',(-0.,-1.,0.));
#1415 = FACE_BOUND('',#1416,.F.);
#1416 = EDGE_LOOP('',(#1417));
#1417 = ORIENTED_EDGE('',*,*,#1418,.T.);
#1418 = EDGE_CURVE('',#1419,#1419,#1421,.T.);
#1419 = VERTEX_POINT('',#1420);
#1420 = CARTESIAN_POINT('',(191.12,-92.75,0.));
#1421 = CIRCLE('',#1422,0.5);
#1422 = AXIS2_PLACEMENT_3D('',#1423,#1424,#1425);
#1423 = CARTESIAN_POINT('',(191.12,-92.25,0.));
#1424 = DIRECTION('',(-0.,0.,-1.));
#1425 = DIRECTION('',(-0.,-1.,0.));
#1426 = FACE_BOUND('',#1427,.F.);
#1427 = EDGE_LOOP('',(#1428));
#1428 = ORIENTED_EDGE('',*,*,#1429,.T.);
#1429 = EDGE_CURVE('',#1430,#1430,#1432,.T.);
#1430 = VERTEX_POINT('',#1431);
#1431 = CARTESIAN_POINT('',(193.66,-92.75,0.));
#1432 = CIRCLE('',#1433,0.5);
#1433 = AXIS2_PLACEMENT_3D('',#1434,#1435,#1436);
#1434 = CARTESIAN_POINT('',(193.66,-92.25,0.));
#1435 = DIRECTION('',(-0.,0.,-1.));
#1436 = DIRECTION('',(-0.,-1.,0.));
#1437 = FACE_BOUND('',#1438,.F.);
#1438 = EDGE_LOOP('',(#1439));
#1439 = ORIENTED_EDGE('',*,*,#1440,.T.);
#1440 = EDGE_CURVE('',#1441,#1441,#1443,.T.);
#1441 = VERTEX_POINT('',#1442);
#1442 = CARTESIAN_POINT('',(196.2,-92.75,0.));
#1443 = CIRCLE('',#1444,0.5);
#1444 = AXIS2_PLACEMENT_3D('',#1445,#1446,#1447);
#1445 = CARTESIAN_POINT('',(196.2,-92.25,0.));
#1446 = DIRECTION('',(-0.,0.,-1.));
#1447 = DIRECTION('',(-0.,-1.,0.));
#1448 = FACE_BOUND('',#1449,.F.);
#1449 = EDGE_LOOP('',(#1450));
#1450 = ORIENTED_EDGE('',*,*,#1451,.T.);
#1451 = EDGE_CURVE('',#1452,#1452,#1454,.T.);
#1452 = VERTEX_POINT('',#1453);
#1453 = CARTESIAN_POINT('',(198.74,-92.75,0.));
#1454 = CIRCLE('',#1455,0.5);
#1455 = AXIS2_PLACEMENT_3D('',#1456,#1457,#1458);
#1456 = CARTESIAN_POINT('',(198.74,-92.25,0.));
#1457 = DIRECTION('',(-0.,0.,-1.));
#1458 = DIRECTION('',(-0.,-1.,0.));
#1459 = FACE_BOUND('',#1460,.F.);
#1460 = EDGE_LOOP('',(#1461));
#1461 = ORIENTED_EDGE('',*,*,#1462,.T.);
#1462 = EDGE_CURVE('',#1463,#1463,#1465,.T.);
#1463 = VERTEX_POINT('',#1464);
#1464 = CARTESIAN_POINT('',(159.92,-85.58,0.));
#1465 = CIRCLE('',#1466,2.);
#1466 = AXIS2_PLACEMENT_3D('',#1467,#1468,#1469);
#1467 = CARTESIAN_POINT('',(159.92,-83.58,0.));
#1468 = DIRECTION('',(-0.,0.,-1.));
#1469 = DIRECTION('',(-0.,-1.,0.));
#1470 = FACE_BOUND('',#1471,.F.);
#1471 = EDGE_LOOP('',(#1472));
#1472 = ORIENTED_EDGE('',*,*,#1473,.T.);
#1473 = EDGE_CURVE('',#1474,#1474,#1476,.T.);
#1474 = VERTEX_POINT('',#1475);
#1475 = CARTESIAN_POINT('',(165.,-84.43,0.));
#1476 = CIRCLE('',#1477,0.85);
#1477 = AXIS2_PLACEMENT_3D('',#1478,#1479,#1480);
#1478 = CARTESIAN_POINT('',(165.,-83.58,0.));
#1479 = DIRECTION('',(-0.,0.,-1.));
#1480 = DIRECTION('',(-0.,-1.,0.));
#1481 = FACE_BOUND('',#1482,.F.);
#1482 = EDGE_LOOP('',(#1483));
#1483 = ORIENTED_EDGE('',*,*,#1484,.T.);
#1484 = EDGE_CURVE('',#1485,#1485,#1487,.T.);
#1485 = VERTEX_POINT('',#1486);
#1486 = CARTESIAN_POINT('',(169.5,-87.9,0.));
#1487 = CIRCLE('',#1488,0.4);
#1488 = AXIS2_PLACEMENT_3D('',#1489,#1490,#1491);
#1489 = CARTESIAN_POINT('',(169.5,-87.5,0.));
#1490 = DIRECTION('',(-0.,0.,-1.));
#1491 = DIRECTION('',(-0.,-1.,0.));
#1492 = FACE_BOUND('',#1493,.F.);
#1493 = EDGE_LOOP('',(#1494));
#1494 = ORIENTED_EDGE('',*,*,#1495,.T.);
#1495 = EDGE_CURVE('',#1496,#1496,#1498,.T.);
#1496 = VERTEX_POINT('',#1497);
#1497 = CARTESIAN_POINT('',(162.46,-79.25,0.));
#1498 = CIRCLE('',#1499,0.75);
#1499 = AXIS2_PLACEMENT_3D('',#1500,#1501,#1502);
#1500 = CARTESIAN_POINT('',(162.46,-78.5,0.));
#1501 = DIRECTION('',(-0.,0.,-1.));
#1502 = DIRECTION('',(-0.,-1.,0.));
#1503 = FACE_BOUND('',#1504,.F.);
#1504 = EDGE_LOOP('',(#1505));
#1505 = ORIENTED_EDGE('',*,*,#1506,.T.);
#1506 = EDGE_CURVE('',#1507,#1507,#1509,.T.);
#1507 = VERTEX_POINT('',#1508);
#1508 = CARTESIAN_POINT('',(169.5,-80.28,0.));
#1509 = CIRCLE('',#1510,0.4);
#1510 = AXIS2_PLACEMENT_3D('',#1511,#1512,#1513);
#1511 = CARTESIAN_POINT('',(169.5,-79.88,0.));
#1512 = DIRECTION('',(-0.,0.,-1.));
#1513 = DIRECTION('',(-0.,-1.,0.));
#1514 = FACE_BOUND('',#1515,.F.);
#1515 = EDGE_LOOP('',(#1516));
#1516 = ORIENTED_EDGE('',*,*,#1517,.T.);
#1517 = EDGE_CURVE('',#1518,#1518,#1520,.T.);
#1518 = VERTEX_POINT('',#1519);
#1519 = CARTESIAN_POINT('',(183.5,-77.5,0.));
#1520 = CIRCLE('',#1521,0.5);
#1521 = AXIS2_PLACEMENT_3D('',#1522,#1523,#1524);
#1522 = CARTESIAN_POINT('',(183.5,-77.,0.));
#1523 = DIRECTION('',(-0.,0.,-1.));
#1524 = DIRECTION('',(-0.,-1.,0.));
#1525 = FACE_BOUND('',#1526,.F.);
#1526 = EDGE_LOOP('',(#1527));
#1527 = ORIENTED_EDGE('',*,*,#1528,.T.);
#1528 = EDGE_CURVE('',#1529,#1529,#1531,.T.);
#1529 = VERTEX_POINT('',#1530);
#1530 = CARTESIAN_POINT('',(186.04,-77.5,0.));
#1531 = CIRCLE('',#1532,0.5);
#1532 = AXIS2_PLACEMENT_3D('',#1533,#1534,#1535);
#1533 = CARTESIAN_POINT('',(186.04,-77.,0.));
#1534 = DIRECTION('',(-0.,0.,-1.));
#1535 = DIRECTION('',(-0.,-1.,0.));
#1536 = FACE_BOUND('',#1537,.F.);
#1537 = EDGE_LOOP('',(#1538));
#1538 = ORIENTED_EDGE('',*,*,#1539,.T.);
#1539 = EDGE_CURVE('',#1540,#1540,#1542,.T.);
#1540 = VERTEX_POINT('',#1541);
#1541 = CARTESIAN_POINT('',(188.58,-77.5,0.));
#1542 = CIRCLE('',#1543,0.5);
#1543 = AXIS2_PLACEMENT_3D('',#1544,#1545,#1546);
#1544 = CARTESIAN_POINT('',(188.58,-77.,0.));
#1545 = DIRECTION('',(-0.,0.,-1.));
#1546 = DIRECTION('',(-0.,-1.,0.));
#1547 = FACE_BOUND('',#1548,.F.);
#1548 = EDGE_LOOP('',(#1549));
#1549 = ORIENTED_EDGE('',*,*,#1550,.T.);
#1550 = EDGE_CURVE('',#1551,#1551,#1553,.T.);
#1551 = VERTEX_POINT('',#1552);
#1552 = CARTESIAN_POINT('',(191.12,-77.5,0.));
#1553 = CIRCLE('',#1554,0.5);
#1554 = AXIS2_PLACEMENT_3D('',#1555,#1556,#1557);
#1555 = CARTESIAN_POINT('',(191.12,-77.,0.));
#1556 = DIRECTION('',(-0.,0.,-1.));
#1557 = DIRECTION('',(-0.,-1.,0.));
#1558 = FACE_BOUND('',#1559,.F.);
#1559 = EDGE_LOOP('',(#1560));
#1560 = ORIENTED_EDGE('',*,*,#1561,.T.);
#1561 = EDGE_CURVE('',#1562,#1562,#1564,.T.);
#1562 = VERTEX_POINT('',#1563);
#1563 = CARTESIAN_POINT('',(193.66,-77.5,0.));
#1564 = CIRCLE('',#1565,0.5);
#1565 = AXIS2_PLACEMENT_3D('',#1566,#1567,#1568);
#1566 = CARTESIAN_POINT('',(193.66,-77.,0.));
#1567 = DIRECTION('',(-0.,0.,-1.));
#1568 = DIRECTION('',(-0.,-1.,0.));
#1569 = FACE_BOUND('',#1570,.F.);
#1570 = EDGE_LOOP('',(#1571));
#1571 = ORIENTED_EDGE('',*,*,#1572,.T.);
#1572 = EDGE_CURVE('',#1573,#1573,#1575,.T.);
#1573 = VERTEX_POINT('',#1574);
#1574 = CARTESIAN_POINT('',(196.2,-77.5,0.));
#1575 = CIRCLE('',#1576,0.5);
#1576 = AXIS2_PLACEMENT_3D('',#1577,#1578,#1579);
#1577 = CARTESIAN_POINT('',(196.2,-77.,0.));
#1578 = DIRECTION('',(-0.,0.,-1.));
#1579 = DIRECTION('',(-0.,-1.,0.));
#1580 = FACE_BOUND('',#1581,.F.);
#1581 = EDGE_LOOP('',(#1582));
#1582 = ORIENTED_EDGE('',*,*,#1583,.T.);
#1583 = EDGE_CURVE('',#1584,#1584,#1586,.T.);
#1584 = VERTEX_POINT('',#1585);
#1585 = CARTESIAN_POINT('',(198.74,-77.5,0.));
#1586 = CIRCLE('',#1587,0.5);
#1587 = AXIS2_PLACEMENT_3D('',#1588,#1589,#1590);
#1588 = CARTESIAN_POINT('',(198.74,-77.,0.));
#1589 = DIRECTION('',(-0.,0.,-1.));
#1590 = DIRECTION('',(-0.,-1.,0.));
#1591 = PLANE('',#1592);
#1592 = AXIS2_PLACEMENT_3D('',#1593,#1594,#1595);
#1593 = CARTESIAN_POINT('',(0.,0.,0.));
#1594 = DIRECTION('',(0.,0.,1.));
#1595 = DIRECTION('',(1.,0.,-0.));
#1596 = ADVANCED_FACE('',(#1597,#1608,#1619,#1630,#1641,#1652,#1663,
    #1674,#1685,#1696,#1707,#1718,#1729,#1740,#1751,#1762,#1773,#1784,
    #1795,#1806,#1817,#1828,#1839,#1850,#1861,#1872,#1883,#1894,#1905,
    #1916,#1927,#1938,#1974,#1985,#1996,#2007,#2018,#2029,#2040,#2051,
    #2062,#2098,#2109,#2120,#2131,#2142,#2153,#2164,#2175,#2186,#2197,
    #2208,#2219,#2230,#2241,#2252,#2263,#2274,#2285,#2296,#2307,#2318,
    #2329,#2340,#2351,#2362,#2373,#2384,#2395,#2406,#2417,#2428,#2439,
    #2450,#2461,#2472,#2483,#2494,#2505,#2516,#2527,#2538,#2549,#2560,
    #2571),#2582,.T.);
#1597 = FACE_BOUND('',#1598,.T.);
#1598 = EDGE_LOOP('',(#1599,#1600,#1601,#1607));
#1599 = ORIENTED_EDGE('',*,*,#517,.F.);
#1600 = ORIENTED_EDGE('',*,*,#557,.F.);
#1601 = ORIENTED_EDGE('',*,*,#1602,.F.);
#1602 = EDGE_CURVE('',#580,#550,#1603,.T.);
#1603 = LINE('',#1604,#1605);
#1604 = CARTESIAN_POINT('',(107.,-67.,1.51));
#1605 = VECTOR('',#1606,1.);
#1606 = DIRECTION('',(1.,0.,0.));
#1607 = ORIENTED_EDGE('',*,*,#579,.F.);
#1608 = FACE_BOUND('',#1609,.T.);
#1609 = EDGE_LOOP('',(#1610));
#1610 = ORIENTED_EDGE('',*,*,#1611,.T.);
#1611 = EDGE_CURVE('',#1612,#1612,#1614,.T.);
#1612 = VERTEX_POINT('',#1613);
#1613 = CARTESIAN_POINT('',(116.5,-122.35,1.51));
#1614 = CIRCLE('',#1615,0.85);
#1615 = AXIS2_PLACEMENT_3D('',#1616,#1617,#1618);
#1616 = CARTESIAN_POINT('',(116.5,-121.5,1.51));
#1617 = DIRECTION('',(-0.,0.,-1.));
#1618 = DIRECTION('',(-0.,-1.,0.));
#1619 = FACE_BOUND('',#1620,.T.);
#1620 = EDGE_LOOP('',(#1621));
#1621 = ORIENTED_EDGE('',*,*,#1622,.T.);
#1622 = EDGE_CURVE('',#1623,#1623,#1625,.T.);
#1623 = VERTEX_POINT('',#1624);
#1624 = CARTESIAN_POINT('',(121.58,-123.5,1.51));
#1625 = CIRCLE('',#1626,2.);
#1626 = AXIS2_PLACEMENT_3D('',#1627,#1628,#1629);
#1627 = CARTESIAN_POINT('',(121.58,-121.5,1.51));
#1628 = DIRECTION('',(-0.,0.,-1.));
#1629 = DIRECTION('',(-0.,-1.,0.));
#1630 = FACE_BOUND('',#1631,.T.);
#1631 = EDGE_LOOP('',(#1632));
#1632 = ORIENTED_EDGE('',*,*,#1633,.T.);
#1633 = EDGE_CURVE('',#1634,#1634,#1636,.T.);
#1634 = VERTEX_POINT('',#1635);
#1635 = CARTESIAN_POINT('',(131.,-125.4,1.51));
#1636 = CIRCLE('',#1637,0.4);
#1637 = AXIS2_PLACEMENT_3D('',#1638,#1639,#1640);
#1638 = CARTESIAN_POINT('',(131.,-125.,1.51));
#1639 = DIRECTION('',(-0.,0.,-1.));
#1640 = DIRECTION('',(-0.,-1.,0.));
#1641 = FACE_BOUND('',#1642,.T.);
#1642 = EDGE_LOOP('',(#1643));
#1643 = ORIENTED_EDGE('',*,*,#1644,.T.);
#1644 = EDGE_CURVE('',#1645,#1645,#1647,.T.);
#1645 = VERTEX_POINT('',#1646);
#1646 = CARTESIAN_POINT('',(126.66,-122.35,1.51));
#1647 = CIRCLE('',#1648,0.85);
#1648 = AXIS2_PLACEMENT_3D('',#1649,#1650,#1651);
#1649 = CARTESIAN_POINT('',(126.66,-121.5,1.51));
#1650 = DIRECTION('',(-0.,0.,-1.));
#1651 = DIRECTION('',(-0.,-1.,0.));
#1652 = FACE_BOUND('',#1653,.T.);
#1653 = EDGE_LOOP('',(#1654));
#1654 = ORIENTED_EDGE('',*,*,#1655,.T.);
#1655 = EDGE_CURVE('',#1656,#1656,#1658,.T.);
#1656 = VERTEX_POINT('',#1657);
#1657 = CARTESIAN_POINT('',(135.42,-122.35,1.51));
#1658 = CIRCLE('',#1659,0.85);
#1659 = AXIS2_PLACEMENT_3D('',#1660,#1661,#1662);
#1660 = CARTESIAN_POINT('',(135.42,-121.5,1.51));
#1661 = DIRECTION('',(-0.,0.,-1.));
#1662 = DIRECTION('',(-3.343730521224E-14,-1.,0.));
#1663 = FACE_BOUND('',#1664,.T.);
#1664 = EDGE_LOOP('',(#1665));
#1665 = ORIENTED_EDGE('',*,*,#1666,.T.);
#1666 = EDGE_CURVE('',#1667,#1667,#1669,.T.);
#1667 = VERTEX_POINT('',#1668);
#1668 = CARTESIAN_POINT('',(117.77,-119.71,1.51));
#1669 = CIRCLE('',#1670,0.75);
#1670 = AXIS2_PLACEMENT_3D('',#1671,#1672,#1673);
#1671 = CARTESIAN_POINT('',(117.77,-118.96,1.51));
#1672 = DIRECTION('',(-0.,0.,-1.));
#1673 = DIRECTION('',(-0.,-1.,0.));
#1674 = FACE_BOUND('',#1675,.T.);
#1675 = EDGE_LOOP('',(#1676));
#1676 = ORIENTED_EDGE('',*,*,#1677,.T.);
#1677 = EDGE_CURVE('',#1678,#1678,#1680,.T.);
#1678 = VERTEX_POINT('',#1679);
#1679 = CARTESIAN_POINT('',(124.12,-117.17,1.51));
#1680 = CIRCLE('',#1681,0.75);
#1681 = AXIS2_PLACEMENT_3D('',#1682,#1683,#1684);
#1682 = CARTESIAN_POINT('',(124.12,-116.42,1.51));
#1683 = DIRECTION('',(-0.,0.,-1.));
#1684 = DIRECTION('',(-0.,-1.,0.));
#1685 = FACE_BOUND('',#1686,.T.);
#1686 = EDGE_LOOP('',(#1687));
#1687 = ORIENTED_EDGE('',*,*,#1688,.T.);
#1688 = EDGE_CURVE('',#1689,#1689,#1691,.T.);
#1689 = VERTEX_POINT('',#1690);
#1690 = CARTESIAN_POINT('',(131.,-117.78,1.51));
#1691 = CIRCLE('',#1692,0.4);
#1692 = AXIS2_PLACEMENT_3D('',#1693,#1694,#1695);
#1693 = CARTESIAN_POINT('',(131.,-117.38,1.51));
#1694 = DIRECTION('',(-0.,0.,-1.));
#1695 = DIRECTION('',(-0.,-1.,0.));
#1696 = FACE_BOUND('',#1697,.T.);
#1697 = EDGE_LOOP('',(#1698));
#1698 = ORIENTED_EDGE('',*,*,#1699,.T.);
#1699 = EDGE_CURVE('',#1700,#1700,#1702,.T.);
#1700 = VERTEX_POINT('',#1701);
#1701 = CARTESIAN_POINT('',(140.5,-123.5,1.51));
#1702 = CIRCLE('',#1703,2.);
#1703 = AXIS2_PLACEMENT_3D('',#1704,#1705,#1706);
#1704 = CARTESIAN_POINT('',(140.5,-121.5,1.51));
#1705 = DIRECTION('',(-0.,0.,-1.));
#1706 = DIRECTION('',(-0.,-1.,0.));
#1707 = FACE_BOUND('',#1708,.T.);
#1708 = EDGE_LOOP('',(#1709));
#1709 = ORIENTED_EDGE('',*,*,#1710,.T.);
#1710 = EDGE_CURVE('',#1711,#1711,#1713,.T.);
#1711 = VERTEX_POINT('',#1712);
#1712 = CARTESIAN_POINT('',(145.58,-122.35,1.51));
#1713 = CIRCLE('',#1714,0.85);
#1714 = AXIS2_PLACEMENT_3D('',#1715,#1716,#1717);
#1715 = CARTESIAN_POINT('',(145.58,-121.5,1.51));
#1716 = DIRECTION('',(-0.,0.,-1.));
#1717 = DIRECTION('',(3.343730521224E-14,-1.,-0.));
#1718 = FACE_BOUND('',#1719,.T.);
#1719 = EDGE_LOOP('',(#1720));
#1720 = ORIENTED_EDGE('',*,*,#1721,.T.);
#1721 = EDGE_CURVE('',#1722,#1722,#1724,.T.);
#1722 = VERTEX_POINT('',#1723);
#1723 = CARTESIAN_POINT('',(150.,-125.9,1.51));
#1724 = CIRCLE('',#1725,0.4);
#1725 = AXIS2_PLACEMENT_3D('',#1726,#1727,#1728);
#1726 = CARTESIAN_POINT('',(150.,-125.5,1.51));
#1727 = DIRECTION('',(-0.,0.,-1.));
#1728 = DIRECTION('',(-0.,-1.,0.));
#1729 = FACE_BOUND('',#1730,.T.);
#1730 = EDGE_LOOP('',(#1731));
#1731 = ORIENTED_EDGE('',*,*,#1732,.T.);
#1732 = EDGE_CURVE('',#1733,#1733,#1735,.T.);
#1733 = VERTEX_POINT('',#1734);
#1734 = CARTESIAN_POINT('',(154.84,-122.35,1.51));
#1735 = CIRCLE('',#1736,0.85);
#1736 = AXIS2_PLACEMENT_3D('',#1737,#1738,#1739);
#1737 = CARTESIAN_POINT('',(154.84,-121.5,1.51));
#1738 = DIRECTION('',(-0.,0.,-1.));
#1739 = DIRECTION('',(-0.,-1.,0.));
#1740 = FACE_BOUND('',#1741,.T.);
#1741 = EDGE_LOOP('',(#1742));
#1742 = ORIENTED_EDGE('',*,*,#1743,.T.);
#1743 = EDGE_CURVE('',#1744,#1744,#1746,.T.);
#1744 = VERTEX_POINT('',#1745);
#1745 = CARTESIAN_POINT('',(136.69,-119.71,1.51));
#1746 = CIRCLE('',#1747,0.75);
#1747 = AXIS2_PLACEMENT_3D('',#1748,#1749,#1750);
#1748 = CARTESIAN_POINT('',(136.69,-118.96,1.51));
#1749 = DIRECTION('',(-0.,0.,-1.));
#1750 = DIRECTION('',(-0.,-1.,0.));
#1751 = FACE_BOUND('',#1752,.T.);
#1752 = EDGE_LOOP('',(#1753));
#1753 = ORIENTED_EDGE('',*,*,#1754,.T.);
#1754 = EDGE_CURVE('',#1755,#1755,#1757,.T.);
#1755 = VERTEX_POINT('',#1756);
#1756 = CARTESIAN_POINT('',(143.04,-117.17,1.51));
#1757 = CIRCLE('',#1758,0.75);
#1758 = AXIS2_PLACEMENT_3D('',#1759,#1760,#1761);
#1759 = CARTESIAN_POINT('',(143.04,-116.42,1.51));
#1760 = DIRECTION('',(-0.,0.,-1.));
#1761 = DIRECTION('',(-0.,-1.,0.));
#1762 = FACE_BOUND('',#1763,.T.);
#1763 = EDGE_LOOP('',(#1764));
#1764 = ORIENTED_EDGE('',*,*,#1765,.T.);
#1765 = EDGE_CURVE('',#1766,#1766,#1768,.T.);
#1766 = VERTEX_POINT('',#1767);
#1767 = CARTESIAN_POINT('',(150.,-118.28,1.51));
#1768 = CIRCLE('',#1769,0.4);
#1769 = AXIS2_PLACEMENT_3D('',#1770,#1771,#1772);
#1770 = CARTESIAN_POINT('',(150.,-117.88,1.51));
#1771 = DIRECTION('',(-0.,0.,-1.));
#1772 = DIRECTION('',(-0.,-1.,0.));
#1773 = FACE_BOUND('',#1774,.T.);
#1774 = EDGE_LOOP('',(#1775));
#1775 = ORIENTED_EDGE('',*,*,#1776,.T.);
#1776 = EDGE_CURVE('',#1777,#1777,#1779,.T.);
#1777 = VERTEX_POINT('',#1778);
#1778 = CARTESIAN_POINT('',(156.11,-119.71,1.51));
#1779 = CIRCLE('',#1780,0.75);
#1780 = AXIS2_PLACEMENT_3D('',#1781,#1782,#1783);
#1781 = CARTESIAN_POINT('',(156.11,-118.96,1.51));
#1782 = DIRECTION('',(-0.,0.,-1.));
#1783 = DIRECTION('',(-0.,-1.,0.));
#1784 = FACE_BOUND('',#1785,.T.);
#1785 = EDGE_LOOP('',(#1786));
#1786 = ORIENTED_EDGE('',*,*,#1787,.T.);
#1787 = EDGE_CURVE('',#1788,#1788,#1790,.T.);
#1788 = VERTEX_POINT('',#1789);
#1789 = CARTESIAN_POINT('',(116.73,-103.39,1.51));
#1790 = CIRCLE('',#1791,0.85);
#1791 = AXIS2_PLACEMENT_3D('',#1792,#1793,#1794);
#1792 = CARTESIAN_POINT('',(116.73,-102.54,1.51));
#1793 = DIRECTION('',(-0.,0.,-1.));
#1794 = DIRECTION('',(1.671865260612E-14,-1.,-0.));
#1795 = FACE_BOUND('',#1796,.T.);
#1796 = EDGE_LOOP('',(#1797));
#1797 = ORIENTED_EDGE('',*,*,#1798,.T.);
#1798 = EDGE_CURVE('',#1799,#1799,#1801,.T.);
#1799 = VERTEX_POINT('',#1800);
#1800 = CARTESIAN_POINT('',(121.81,-104.54,1.51));
#1801 = CIRCLE('',#1802,2.);
#1802 = AXIS2_PLACEMENT_3D('',#1803,#1804,#1805);
#1803 = CARTESIAN_POINT('',(121.81,-102.54,1.51));
#1804 = DIRECTION('',(-0.,0.,-1.));
#1805 = DIRECTION('',(-0.,-1.,0.));
#1806 = FACE_BOUND('',#1807,.T.);
#1807 = EDGE_LOOP('',(#1808));
#1808 = ORIENTED_EDGE('',*,*,#1809,.T.);
#1809 = EDGE_CURVE('',#1810,#1810,#1812,.T.);
#1810 = VERTEX_POINT('',#1811);
#1811 = CARTESIAN_POINT('',(131.,-107.4,1.51));
#1812 = CIRCLE('',#1813,0.4);
#1813 = AXIS2_PLACEMENT_3D('',#1814,#1815,#1816);
#1814 = CARTESIAN_POINT('',(131.,-107.,1.51));
#1815 = DIRECTION('',(-0.,0.,-1.));
#1816 = DIRECTION('',(-0.,-1.,0.));
#1817 = FACE_BOUND('',#1818,.T.);
#1818 = EDGE_LOOP('',(#1819));
#1819 = ORIENTED_EDGE('',*,*,#1820,.T.);
#1820 = EDGE_CURVE('',#1821,#1821,#1823,.T.);
#1821 = VERTEX_POINT('',#1822);
#1822 = CARTESIAN_POINT('',(126.89,-103.39,1.51));
#1823 = CIRCLE('',#1824,0.85);
#1824 = AXIS2_PLACEMENT_3D('',#1825,#1826,#1827);
#1825 = CARTESIAN_POINT('',(126.89,-102.54,1.51));
#1826 = DIRECTION('',(-0.,0.,-1.));
#1827 = DIRECTION('',(-0.,-1.,0.));
#1828 = FACE_BOUND('',#1829,.T.);
#1829 = EDGE_LOOP('',(#1830));
#1830 = ORIENTED_EDGE('',*,*,#1831,.T.);
#1831 = EDGE_CURVE('',#1832,#1832,#1834,.T.);
#1832 = VERTEX_POINT('',#1833);
#1833 = CARTESIAN_POINT('',(135.92,-103.485,1.51));
#1834 = CIRCLE('',#1835,0.85);
#1835 = AXIS2_PLACEMENT_3D('',#1836,#1837,#1838);
#1836 = CARTESIAN_POINT('',(135.92,-102.635,1.51));
#1837 = DIRECTION('',(-0.,0.,-1.));
#1838 = DIRECTION('',(-3.343730521224E-14,-1.,0.));
#1839 = FACE_BOUND('',#1840,.T.);
#1840 = EDGE_LOOP('',(#1841));
#1841 = ORIENTED_EDGE('',*,*,#1842,.T.);
#1842 = EDGE_CURVE('',#1843,#1843,#1845,.T.);
#1843 = VERTEX_POINT('',#1844);
#1844 = CARTESIAN_POINT('',(141.,-104.635,1.51));
#1845 = CIRCLE('',#1846,2.);
#1846 = AXIS2_PLACEMENT_3D('',#1847,#1848,#1849);
#1847 = CARTESIAN_POINT('',(141.,-102.635,1.51));
#1848 = DIRECTION('',(-0.,0.,-1.));
#1849 = DIRECTION('',(-0.,-1.,0.));
#1850 = FACE_BOUND('',#1851,.T.);
#1851 = EDGE_LOOP('',(#1852));
#1852 = ORIENTED_EDGE('',*,*,#1853,.T.);
#1853 = EDGE_CURVE('',#1854,#1854,#1856,.T.);
#1854 = VERTEX_POINT('',#1855);
#1855 = CARTESIAN_POINT('',(146.08,-103.485,1.51));
#1856 = CIRCLE('',#1857,0.85);
#1857 = AXIS2_PLACEMENT_3D('',#1858,#1859,#1860);
#1858 = CARTESIAN_POINT('',(146.08,-102.635,1.51));
#1859 = DIRECTION('',(-0.,0.,-1.));
#1860 = DIRECTION('',(3.343730521224E-14,-1.,-0.));
#1861 = FACE_BOUND('',#1862,.T.);
#1862 = EDGE_LOOP('',(#1863));
#1863 = ORIENTED_EDGE('',*,*,#1864,.T.);
#1864 = EDGE_CURVE('',#1865,#1865,#1867,.T.);
#1865 = VERTEX_POINT('',#1866);
#1866 = CARTESIAN_POINT('',(150.5,-106.02,1.51));
#1867 = CIRCLE('',#1868,0.4);
#1868 = AXIS2_PLACEMENT_3D('',#1869,#1870,#1871);
#1869 = CARTESIAN_POINT('',(150.5,-105.62,1.51));
#1870 = DIRECTION('',(-0.,0.,-1.));
#1871 = DIRECTION('',(-0.,-1.,0.));
#1872 = FACE_BOUND('',#1873,.T.);
#1873 = EDGE_LOOP('',(#1874));
#1874 = ORIENTED_EDGE('',*,*,#1875,.T.);
#1875 = EDGE_CURVE('',#1876,#1876,#1878,.T.);
#1876 = VERTEX_POINT('',#1877);
#1877 = CARTESIAN_POINT('',(154.92,-103.485,1.51));
#1878 = CIRCLE('',#1879,0.85);
#1879 = AXIS2_PLACEMENT_3D('',#1880,#1881,#1882);
#1880 = CARTESIAN_POINT('',(154.92,-102.635,1.51));
#1881 = DIRECTION('',(-0.,0.,-1.));
#1882 = DIRECTION('',(-3.343730521224E-14,-1.,0.));
#1883 = FACE_BOUND('',#1884,.T.);
#1884 = EDGE_LOOP('',(#1885));
#1885 = ORIENTED_EDGE('',*,*,#1886,.T.);
#1886 = EDGE_CURVE('',#1887,#1887,#1889,.T.);
#1887 = VERTEX_POINT('',#1888);
#1888 = CARTESIAN_POINT('',(159.92,-123.5,1.51));
#1889 = CIRCLE('',#1890,2.);
#1890 = AXIS2_PLACEMENT_3D('',#1891,#1892,#1893);
#1891 = CARTESIAN_POINT('',(159.92,-121.5,1.51));
#1892 = DIRECTION('',(-0.,0.,-1.));
#1893 = DIRECTION('',(-0.,-1.,0.));
#1894 = FACE_BOUND('',#1895,.T.);
#1895 = EDGE_LOOP('',(#1896));
#1896 = ORIENTED_EDGE('',*,*,#1897,.T.);
#1897 = EDGE_CURVE('',#1898,#1898,#1900,.T.);
#1898 = VERTEX_POINT('',#1899);
#1899 = CARTESIAN_POINT('',(165.,-122.35,1.51));
#1900 = CIRCLE('',#1901,0.85);
#1901 = AXIS2_PLACEMENT_3D('',#1902,#1903,#1904);
#1902 = CARTESIAN_POINT('',(165.,-121.5,1.51));
#1903 = DIRECTION('',(-0.,0.,-1.));
#1904 = DIRECTION('',(-0.,-1.,0.));
#1905 = FACE_BOUND('',#1906,.T.);
#1906 = EDGE_LOOP('',(#1907));
#1907 = ORIENTED_EDGE('',*,*,#1908,.T.);
#1908 = EDGE_CURVE('',#1909,#1909,#1911,.T.);
#1909 = VERTEX_POINT('',#1910);
#1910 = CARTESIAN_POINT('',(170.,-125.21,1.51));
#1911 = CIRCLE('',#1912,0.4);
#1912 = AXIS2_PLACEMENT_3D('',#1913,#1914,#1915);
#1913 = CARTESIAN_POINT('',(170.,-124.81,1.51));
#1914 = DIRECTION('',(-0.,0.,-1.));
#1915 = DIRECTION('',(-0.,-1.,0.));
#1916 = FACE_BOUND('',#1917,.T.);
#1917 = EDGE_LOOP('',(#1918));
#1918 = ORIENTED_EDGE('',*,*,#1919,.T.);
#1919 = EDGE_CURVE('',#1920,#1920,#1922,.T.);
#1920 = VERTEX_POINT('',#1921);
#1921 = CARTESIAN_POINT('',(162.46,-117.17,1.51));
#1922 = CIRCLE('',#1923,0.75);
#1923 = AXIS2_PLACEMENT_3D('',#1924,#1925,#1926);
#1924 = CARTESIAN_POINT('',(162.46,-116.42,1.51));
#1925 = DIRECTION('',(-0.,0.,-1.));
#1926 = DIRECTION('',(-0.,-1.,0.));
#1927 = FACE_BOUND('',#1928,.T.);
#1928 = EDGE_LOOP('',(#1929));
#1929 = ORIENTED_EDGE('',*,*,#1930,.T.);
#1930 = EDGE_CURVE('',#1931,#1931,#1933,.T.);
#1931 = VERTEX_POINT('',#1932);
#1932 = CARTESIAN_POINT('',(170.,-117.59,1.51));
#1933 = CIRCLE('',#1934,0.4);
#1934 = AXIS2_PLACEMENT_3D('',#1935,#1936,#1937);
#1935 = CARTESIAN_POINT('',(170.,-117.19,1.51));
#1936 = DIRECTION('',(-0.,0.,-1.));
#1937 = DIRECTION('',(-0.,-1.,0.));
#1938 = FACE_BOUND('',#1939,.T.);
#1939 = EDGE_LOOP('',(#1940,#1951,#1959,#1968));
#1940 = ORIENTED_EDGE('',*,*,#1941,.T.);
#1941 = EDGE_CURVE('',#1942,#1944,#1946,.T.);
#1942 = VERTEX_POINT('',#1943);
#1943 = CARTESIAN_POINT('',(190.9,-119.35,1.51));
#1944 = VERTEX_POINT('',#1945);
#1945 = CARTESIAN_POINT('',(190.9,-120.85,1.51));
#1946 = CIRCLE('',#1947,0.75);
#1947 = AXIS2_PLACEMENT_3D('',#1948,#1949,#1950);
#1948 = CARTESIAN_POINT('',(190.9,-120.1,1.51));
#1949 = DIRECTION('',(-0.,0.,-1.));
#1950 = DIRECTION('',(-0.,-1.,0.));
#1951 = ORIENTED_EDGE('',*,*,#1952,.T.);
#1952 = EDGE_CURVE('',#1944,#1953,#1955,.T.);
#1953 = VERTEX_POINT('',#1954);
#1954 = CARTESIAN_POINT('',(189.6,-120.85,1.51));
#1955 = LINE('',#1956,#1957);
#1956 = CARTESIAN_POINT('',(94.8,-120.85,1.51));
#1957 = VECTOR('',#1958,1.);
#1958 = DIRECTION('',(-1.,0.,0.));
#1959 = ORIENTED_EDGE('',*,*,#1960,.T.);
#1960 = EDGE_CURVE('',#1953,#1961,#1963,.T.);
#1961 = VERTEX_POINT('',#1962);
#1962 = CARTESIAN_POINT('',(189.6,-119.35,1.51));
#1963 = CIRCLE('',#1964,0.75);
#1964 = AXIS2_PLACEMENT_3D('',#1965,#1966,#1967);
#1965 = CARTESIAN_POINT('',(189.6,-120.1,1.51));
#1966 = DIRECTION('',(-0.,0.,-1.));
#1967 = DIRECTION('',(0.,1.,0.));
#1968 = ORIENTED_EDGE('',*,*,#1969,.T.);
#1969 = EDGE_CURVE('',#1961,#1942,#1970,.T.);
#1970 = LINE('',#1971,#1972);
#1971 = CARTESIAN_POINT('',(95.45,-119.35,1.51));
#1972 = VECTOR('',#1973,1.);
#1973 = DIRECTION('',(1.,0.,-0.));
#1974 = FACE_BOUND('',#1975,.T.);
#1975 = EDGE_LOOP('',(#1976));
#1976 = ORIENTED_EDGE('',*,*,#1977,.T.);
#1977 = EDGE_CURVE('',#1978,#1978,#1980,.T.);
#1978 = VERTEX_POINT('',#1979);
#1979 = CARTESIAN_POINT('',(182.75,-117.5,1.51));
#1980 = CIRCLE('',#1981,0.5);
#1981 = AXIS2_PLACEMENT_3D('',#1982,#1983,#1984);
#1982 = CARTESIAN_POINT('',(182.75,-117.,1.51));
#1983 = DIRECTION('',(-0.,0.,-1.));
#1984 = DIRECTION('',(-0.,-1.,0.));
#1985 = FACE_BOUND('',#1986,.T.);
#1986 = EDGE_LOOP('',(#1987));
#1987 = ORIENTED_EDGE('',*,*,#1988,.T.);
#1988 = EDGE_CURVE('',#1989,#1989,#1991,.T.);
#1989 = VERTEX_POINT('',#1990);
#1990 = CARTESIAN_POINT('',(182.75,-115.,1.51));
#1991 = CIRCLE('',#1992,0.5);
#1992 = AXIS2_PLACEMENT_3D('',#1993,#1994,#1995);
#1993 = CARTESIAN_POINT('',(182.75,-114.5,1.51));
#1994 = DIRECTION('',(-0.,0.,-1.));
#1995 = DIRECTION('',(-0.,-1.,0.));
#1996 = FACE_BOUND('',#1997,.T.);
#1997 = EDGE_LOOP('',(#1998));
#1998 = ORIENTED_EDGE('',*,*,#1999,.T.);
#1999 = EDGE_CURVE('',#2000,#2000,#2002,.T.);
#2000 = VERTEX_POINT('',#2001);
#2001 = CARTESIAN_POINT('',(197.25,-117.5,1.51));
#2002 = CIRCLE('',#2003,0.5);
#2003 = AXIS2_PLACEMENT_3D('',#2004,#2005,#2006);
#2004 = CARTESIAN_POINT('',(197.25,-117.,1.51));
#2005 = DIRECTION('',(-0.,0.,-1.));
#2006 = DIRECTION('',(-0.,-1.,0.));
#2007 = FACE_BOUND('',#2008,.T.);
#2008 = EDGE_LOOP('',(#2009));
#2009 = ORIENTED_EDGE('',*,*,#2010,.T.);
#2010 = EDGE_CURVE('',#2011,#2011,#2013,.T.);
#2011 = VERTEX_POINT('',#2012);
#2012 = CARTESIAN_POINT('',(160.,-104.635,1.51));
#2013 = CIRCLE('',#2014,2.);
#2014 = AXIS2_PLACEMENT_3D('',#2015,#2016,#2017);
#2015 = CARTESIAN_POINT('',(160.,-102.635,1.51));
#2016 = DIRECTION('',(-0.,0.,-1.));
#2017 = DIRECTION('',(-0.,-1.,0.));
#2018 = FACE_BOUND('',#2019,.T.);
#2019 = EDGE_LOOP('',(#2020));
#2020 = ORIENTED_EDGE('',*,*,#2021,.T.);
#2021 = EDGE_CURVE('',#2022,#2022,#2024,.T.);
#2022 = VERTEX_POINT('',#2023);
#2023 = CARTESIAN_POINT('',(165.08,-103.485,1.51));
#2024 = CIRCLE('',#2025,0.85);
#2025 = AXIS2_PLACEMENT_3D('',#2026,#2027,#2028);
#2026 = CARTESIAN_POINT('',(165.08,-102.635,1.51));
#2027 = DIRECTION('',(-0.,0.,-1.));
#2028 = DIRECTION('',(3.343730521224E-14,-1.,-0.));
#2029 = FACE_BOUND('',#2030,.T.);
#2030 = EDGE_LOOP('',(#2031));
#2031 = ORIENTED_EDGE('',*,*,#2032,.T.);
#2032 = EDGE_CURVE('',#2033,#2033,#2035,.T.);
#2033 = VERTEX_POINT('',#2034);
#2034 = CARTESIAN_POINT('',(169.5,-106.71,1.51));
#2035 = CIRCLE('',#2036,0.4);
#2036 = AXIS2_PLACEMENT_3D('',#2037,#2038,#2039);
#2037 = CARTESIAN_POINT('',(169.5,-106.31,1.51));
#2038 = DIRECTION('',(-0.,0.,-1.));
#2039 = DIRECTION('',(-0.,-1.,0.));
#2040 = FACE_BOUND('',#2041,.T.);
#2041 = EDGE_LOOP('',(#2042));
#2042 = ORIENTED_EDGE('',*,*,#2043,.T.);
#2043 = EDGE_CURVE('',#2044,#2044,#2046,.T.);
#2044 = VERTEX_POINT('',#2045);
#2045 = CARTESIAN_POINT('',(182.75,-112.5,1.51));
#2046 = CIRCLE('',#2047,0.5);
#2047 = AXIS2_PLACEMENT_3D('',#2048,#2049,#2050);
#2048 = CARTESIAN_POINT('',(182.75,-112.,1.51));
#2049 = DIRECTION('',(-0.,0.,-1.));
#2050 = DIRECTION('',(-0.,-1.,0.));
#2051 = FACE_BOUND('',#2052,.T.);
#2052 = EDGE_LOOP('',(#2053));
#2053 = ORIENTED_EDGE('',*,*,#2054,.T.);
#2054 = EDGE_CURVE('',#2055,#2055,#2057,.T.);
#2055 = VERTEX_POINT('',#2056);
#2056 = CARTESIAN_POINT('',(197.25,-112.5,1.51));
#2057 = CIRCLE('',#2058,0.5);
#2058 = AXIS2_PLACEMENT_3D('',#2059,#2060,#2061);
#2059 = CARTESIAN_POINT('',(197.25,-112.,1.51));
#2060 = DIRECTION('',(-0.,0.,-1.));
#2061 = DIRECTION('',(-0.,-1.,0.));
#2062 = FACE_BOUND('',#2063,.T.);
#2063 = EDGE_LOOP('',(#2064,#2075,#2083,#2092));
#2064 = ORIENTED_EDGE('',*,*,#2065,.T.);
#2065 = EDGE_CURVE('',#2066,#2068,#2070,.T.);
#2066 = VERTEX_POINT('',#2067);
#2067 = CARTESIAN_POINT('',(190.9,-108.15,1.51));
#2068 = VERTEX_POINT('',#2069);
#2069 = CARTESIAN_POINT('',(190.9,-109.65,1.51));
#2070 = CIRCLE('',#2071,0.75);
#2071 = AXIS2_PLACEMENT_3D('',#2072,#2073,#2074);
#2072 = CARTESIAN_POINT('',(190.9,-108.9,1.51));
#2073 = DIRECTION('',(-0.,0.,-1.));
#2074 = DIRECTION('',(-0.,-1.,0.));
#2075 = ORIENTED_EDGE('',*,*,#2076,.T.);
#2076 = EDGE_CURVE('',#2068,#2077,#2079,.T.);
#2077 = VERTEX_POINT('',#2078);
#2078 = CARTESIAN_POINT('',(189.6,-109.65,1.51));
#2079 = LINE('',#2080,#2081);
#2080 = CARTESIAN_POINT('',(94.8,-109.65,1.51));
#2081 = VECTOR('',#2082,1.);
#2082 = DIRECTION('',(-1.,0.,0.));
#2083 = ORIENTED_EDGE('',*,*,#2084,.T.);
#2084 = EDGE_CURVE('',#2077,#2085,#2087,.T.);
#2085 = VERTEX_POINT('',#2086);
#2086 = CARTESIAN_POINT('',(189.6,-108.15,1.51));
#2087 = CIRCLE('',#2088,0.75);
#2088 = AXIS2_PLACEMENT_3D('',#2089,#2090,#2091);
#2089 = CARTESIAN_POINT('',(189.6,-108.9,1.51));
#2090 = DIRECTION('',(-0.,0.,-1.));
#2091 = DIRECTION('',(0.,1.,0.));
#2092 = ORIENTED_EDGE('',*,*,#2093,.T.);
#2093 = EDGE_CURVE('',#2085,#2066,#2094,.T.);
#2094 = LINE('',#2095,#2096);
#2095 = CARTESIAN_POINT('',(95.45,-108.15,1.51));
#2096 = VECTOR('',#2097,1.);
#2097 = DIRECTION('',(1.,0.,-0.));
#2098 = FACE_BOUND('',#2099,.T.);
#2099 = EDGE_LOOP('',(#2100));
#2100 = ORIENTED_EDGE('',*,*,#2101,.T.);
#2101 = EDGE_CURVE('',#2102,#2102,#2104,.T.);
#2102 = VERTEX_POINT('',#2103);
#2103 = CARTESIAN_POINT('',(118.,-100.75,1.51));
#2104 = CIRCLE('',#2105,0.75);
#2105 = AXIS2_PLACEMENT_3D('',#2106,#2107,#2108);
#2106 = CARTESIAN_POINT('',(118.,-100.,1.51));
#2107 = DIRECTION('',(-0.,0.,-1.));
#2108 = DIRECTION('',(-0.,-1.,0.));
#2109 = FACE_BOUND('',#2110,.T.);
#2110 = EDGE_LOOP('',(#2111));
#2111 = ORIENTED_EDGE('',*,*,#2112,.T.);
#2112 = EDGE_CURVE('',#2113,#2113,#2115,.T.);
#2113 = VERTEX_POINT('',#2114);
#2114 = CARTESIAN_POINT('',(124.35,-98.21,1.51));
#2115 = CIRCLE('',#2116,0.75);
#2116 = AXIS2_PLACEMENT_3D('',#2117,#2118,#2119);
#2117 = CARTESIAN_POINT('',(124.35,-97.46,1.51));
#2118 = DIRECTION('',(-0.,0.,-1.));
#2119 = DIRECTION('',(-0.,-1.,0.));
#2120 = FACE_BOUND('',#2121,.T.);
#2121 = EDGE_LOOP('',(#2122));
#2122 = ORIENTED_EDGE('',*,*,#2123,.T.);
#2123 = EDGE_CURVE('',#2124,#2124,#2126,.T.);
#2124 = VERTEX_POINT('',#2125);
#2125 = CARTESIAN_POINT('',(131.,-99.78,1.51));
#2126 = CIRCLE('',#2127,0.4);
#2127 = AXIS2_PLACEMENT_3D('',#2128,#2129,#2130);
#2128 = CARTESIAN_POINT('',(131.,-99.38,1.51));
#2129 = DIRECTION('',(-0.,0.,-1.));
#2130 = DIRECTION('',(-0.,-1.,0.));
#2131 = FACE_BOUND('',#2132,.T.);
#2132 = EDGE_LOOP('',(#2133));
#2133 = ORIENTED_EDGE('',*,*,#2134,.T.);
#2134 = EDGE_CURVE('',#2135,#2135,#2137,.T.);
#2135 = VERTEX_POINT('',#2136);
#2136 = CARTESIAN_POINT('',(137.19,-100.845,1.51));
#2137 = CIRCLE('',#2138,0.75);
#2138 = AXIS2_PLACEMENT_3D('',#2139,#2140,#2141);
#2139 = CARTESIAN_POINT('',(137.19,-100.095,1.51));
#2140 = DIRECTION('',(-0.,0.,-1.));
#2141 = DIRECTION('',(-0.,-1.,0.));
#2142 = FACE_BOUND('',#2143,.T.);
#2143 = EDGE_LOOP('',(#2144));
#2144 = ORIENTED_EDGE('',*,*,#2145,.T.);
#2145 = EDGE_CURVE('',#2146,#2146,#2148,.T.);
#2146 = VERTEX_POINT('',#2147);
#2147 = CARTESIAN_POINT('',(143.54,-98.305,1.51));
#2148 = CIRCLE('',#2149,0.75);
#2149 = AXIS2_PLACEMENT_3D('',#2150,#2151,#2152);
#2150 = CARTESIAN_POINT('',(143.54,-97.555,1.51));
#2151 = DIRECTION('',(-0.,0.,-1.));
#2152 = DIRECTION('',(-0.,-1.,0.));
#2153 = FACE_BOUND('',#2154,.T.);
#2154 = EDGE_LOOP('',(#2155));
#2155 = ORIENTED_EDGE('',*,*,#2156,.T.);
#2156 = EDGE_CURVE('',#2157,#2157,#2159,.T.);
#2157 = VERTEX_POINT('',#2158);
#2158 = CARTESIAN_POINT('',(156.19,-100.845,1.51));
#2159 = CIRCLE('',#2160,0.75);
#2160 = AXIS2_PLACEMENT_3D('',#2161,#2162,#2163);
#2161 = CARTESIAN_POINT('',(156.19,-100.095,1.51));
#2162 = DIRECTION('',(-0.,0.,-1.));
#2163 = DIRECTION('',(-0.,-1.,0.));
#2164 = FACE_BOUND('',#2165,.T.);
#2165 = EDGE_LOOP('',(#2166));
#2166 = ORIENTED_EDGE('',*,*,#2167,.T.);
#2167 = EDGE_CURVE('',#2168,#2168,#2170,.T.);
#2168 = VERTEX_POINT('',#2169);
#2169 = CARTESIAN_POINT('',(150.5,-98.4,1.51));
#2170 = CIRCLE('',#2171,0.4);
#2171 = AXIS2_PLACEMENT_3D('',#2172,#2173,#2174);
#2172 = CARTESIAN_POINT('',(150.5,-98.,1.51));
#2173 = DIRECTION('',(-0.,0.,-1.));
#2174 = DIRECTION('',(-0.,-1.,0.));
#2175 = FACE_BOUND('',#2176,.T.);
#2176 = EDGE_LOOP('',(#2177));
#2177 = ORIENTED_EDGE('',*,*,#2178,.T.);
#2178 = EDGE_CURVE('',#2179,#2179,#2181,.T.);
#2179 = VERTEX_POINT('',#2180);
#2180 = CARTESIAN_POINT('',(116.73,-84.39,1.51));
#2181 = CIRCLE('',#2182,0.85);
#2182 = AXIS2_PLACEMENT_3D('',#2183,#2184,#2185);
#2183 = CARTESIAN_POINT('',(116.73,-83.54,1.51));
#2184 = DIRECTION('',(-0.,0.,-1.));
#2185 = DIRECTION('',(1.671865260612E-14,-1.,-0.));
#2186 = FACE_BOUND('',#2187,.T.);
#2187 = EDGE_LOOP('',(#2188));
#2188 = ORIENTED_EDGE('',*,*,#2189,.T.);
#2189 = EDGE_CURVE('',#2190,#2190,#2192,.T.);
#2190 = VERTEX_POINT('',#2191);
#2191 = CARTESIAN_POINT('',(121.81,-85.54,1.51));
#2192 = CIRCLE('',#2193,2.);
#2193 = AXIS2_PLACEMENT_3D('',#2194,#2195,#2196);
#2194 = CARTESIAN_POINT('',(121.81,-83.54,1.51));
#2195 = DIRECTION('',(-0.,0.,-1.));
#2196 = DIRECTION('',(-0.,-1.,0.));
#2197 = FACE_BOUND('',#2198,.T.);
#2198 = EDGE_LOOP('',(#2199));
#2199 = ORIENTED_EDGE('',*,*,#2200,.T.);
#2200 = EDGE_CURVE('',#2201,#2201,#2203,.T.);
#2201 = VERTEX_POINT('',#2202);
#2202 = CARTESIAN_POINT('',(131.5,-88.21,1.51));
#2203 = CIRCLE('',#2204,0.4);
#2204 = AXIS2_PLACEMENT_3D('',#2205,#2206,#2207);
#2205 = CARTESIAN_POINT('',(131.5,-87.81,1.51));
#2206 = DIRECTION('',(-0.,0.,-1.));
#2207 = DIRECTION('',(-0.,-1.,0.));
#2208 = FACE_BOUND('',#2209,.T.);
#2209 = EDGE_LOOP('',(#2210));
#2210 = ORIENTED_EDGE('',*,*,#2211,.T.);
#2211 = EDGE_CURVE('',#2212,#2212,#2214,.T.);
#2212 = VERTEX_POINT('',#2213);
#2213 = CARTESIAN_POINT('',(126.89,-84.39,1.51));
#2214 = CIRCLE('',#2215,0.85);
#2215 = AXIS2_PLACEMENT_3D('',#2216,#2217,#2218);
#2216 = CARTESIAN_POINT('',(126.89,-83.54,1.51));
#2217 = DIRECTION('',(-0.,0.,-1.));
#2218 = DIRECTION('',(-0.,-1.,0.));
#2219 = FACE_BOUND('',#2220,.T.);
#2220 = EDGE_LOOP('',(#2221));
#2221 = ORIENTED_EDGE('',*,*,#2222,.T.);
#2222 = EDGE_CURVE('',#2223,#2223,#2225,.T.);
#2223 = VERTEX_POINT('',#2224);
#2224 = CARTESIAN_POINT('',(136.055,-84.39,1.51));
#2225 = CIRCLE('',#2226,0.85);
#2226 = AXIS2_PLACEMENT_3D('',#2227,#2228,#2229);
#2227 = CARTESIAN_POINT('',(136.055,-83.54,1.51));
#2228 = DIRECTION('',(-0.,0.,-1.));
#2229 = DIRECTION('',(-0.,-1.,0.));
#2230 = FACE_BOUND('',#2231,.T.);
#2231 = EDGE_LOOP('',(#2232));
#2232 = ORIENTED_EDGE('',*,*,#2233,.T.);
#2233 = EDGE_CURVE('',#2234,#2234,#2236,.T.);
#2234 = VERTEX_POINT('',#2235);
#2235 = CARTESIAN_POINT('',(118.,-81.75,1.51));
#2236 = CIRCLE('',#2237,0.75);
#2237 = AXIS2_PLACEMENT_3D('',#2238,#2239,#2240);
#2238 = CARTESIAN_POINT('',(118.,-81.,1.51));
#2239 = DIRECTION('',(-0.,0.,-1.));
#2240 = DIRECTION('',(-0.,-1.,0.));
#2241 = FACE_BOUND('',#2242,.T.);
#2242 = EDGE_LOOP('',(#2243));
#2243 = ORIENTED_EDGE('',*,*,#2244,.T.);
#2244 = EDGE_CURVE('',#2245,#2245,#2247,.T.);
#2245 = VERTEX_POINT('',#2246);
#2246 = CARTESIAN_POINT('',(124.35,-79.21,1.51));
#2247 = CIRCLE('',#2248,0.75);
#2248 = AXIS2_PLACEMENT_3D('',#2249,#2250,#2251);
#2249 = CARTESIAN_POINT('',(124.35,-78.46,1.51));
#2250 = DIRECTION('',(-0.,0.,-1.));
#2251 = DIRECTION('',(-0.,-1.,0.));
#2252 = FACE_BOUND('',#2253,.T.);
#2253 = EDGE_LOOP('',(#2254));
#2254 = ORIENTED_EDGE('',*,*,#2255,.T.);
#2255 = EDGE_CURVE('',#2256,#2256,#2258,.T.);
#2256 = VERTEX_POINT('',#2257);
#2257 = CARTESIAN_POINT('',(131.5,-80.59,1.51));
#2258 = CIRCLE('',#2259,0.4);
#2259 = AXIS2_PLACEMENT_3D('',#2260,#2261,#2262);
#2260 = CARTESIAN_POINT('',(131.5,-80.19,1.51));
#2261 = DIRECTION('',(-0.,0.,-1.));
#2262 = DIRECTION('',(-0.,-1.,0.));
#2263 = FACE_BOUND('',#2264,.T.);
#2264 = EDGE_LOOP('',(#2265));
#2265 = ORIENTED_EDGE('',*,*,#2266,.T.);
#2266 = EDGE_CURVE('',#2267,#2267,#2269,.T.);
#2267 = VERTEX_POINT('',#2268);
#2268 = CARTESIAN_POINT('',(141.135,-85.54,1.51));
#2269 = CIRCLE('',#2270,2.);
#2270 = AXIS2_PLACEMENT_3D('',#2271,#2272,#2273);
#2271 = CARTESIAN_POINT('',(141.135,-83.54,1.51));
#2272 = DIRECTION('',(-0.,0.,-1.));
#2273 = DIRECTION('',(-0.,-1.,0.));
#2274 = FACE_BOUND('',#2275,.T.);
#2275 = EDGE_LOOP('',(#2276));
#2276 = ORIENTED_EDGE('',*,*,#2277,.T.);
#2277 = EDGE_CURVE('',#2278,#2278,#2280,.T.);
#2278 = VERTEX_POINT('',#2279);
#2279 = CARTESIAN_POINT('',(146.215,-84.39,1.51));
#2280 = CIRCLE('',#2281,0.85);
#2281 = AXIS2_PLACEMENT_3D('',#2282,#2283,#2284);
#2282 = CARTESIAN_POINT('',(146.215,-83.54,1.51));
#2283 = DIRECTION('',(-0.,0.,-1.));
#2284 = DIRECTION('',(-0.,-1.,0.));
#2285 = FACE_BOUND('',#2286,.T.);
#2286 = EDGE_LOOP('',(#2287));
#2287 = ORIENTED_EDGE('',*,*,#2288,.T.);
#2288 = EDGE_CURVE('',#2289,#2289,#2291,.T.);
#2289 = VERTEX_POINT('',#2290);
#2290 = CARTESIAN_POINT('',(150.5,-87.9,1.51));
#2291 = CIRCLE('',#2292,0.4);
#2292 = AXIS2_PLACEMENT_3D('',#2293,#2294,#2295);
#2293 = CARTESIAN_POINT('',(150.5,-87.5,1.51));
#2294 = DIRECTION('',(-0.,0.,-1.));
#2295 = DIRECTION('',(-0.,-1.,0.));
#2296 = FACE_BOUND('',#2297,.T.);
#2297 = EDGE_LOOP('',(#2298));
#2298 = ORIENTED_EDGE('',*,*,#2299,.T.);
#2299 = EDGE_CURVE('',#2300,#2300,#2302,.T.);
#2300 = VERTEX_POINT('',#2301);
#2301 = CARTESIAN_POINT('',(154.84,-84.43,1.51));
#2302 = CIRCLE('',#2303,0.85);
#2303 = AXIS2_PLACEMENT_3D('',#2304,#2305,#2306);
#2304 = CARTESIAN_POINT('',(154.84,-83.58,1.51));
#2305 = DIRECTION('',(-0.,0.,-1.));
#2306 = DIRECTION('',(-0.,-1.,0.));
#2307 = FACE_BOUND('',#2308,.T.);
#2308 = EDGE_LOOP('',(#2309));
#2309 = ORIENTED_EDGE('',*,*,#2310,.T.);
#2310 = EDGE_CURVE('',#2311,#2311,#2313,.T.);
#2311 = VERTEX_POINT('',#2312);
#2312 = CARTESIAN_POINT('',(137.325,-81.75,1.51));
#2313 = CIRCLE('',#2314,0.75);
#2314 = AXIS2_PLACEMENT_3D('',#2315,#2316,#2317);
#2315 = CARTESIAN_POINT('',(137.325,-81.,1.51));
#2316 = DIRECTION('',(-0.,0.,-1.));
#2317 = DIRECTION('',(-0.,-1.,0.));
#2318 = FACE_BOUND('',#2319,.T.);
#2319 = EDGE_LOOP('',(#2320));
#2320 = ORIENTED_EDGE('',*,*,#2321,.T.);
#2321 = EDGE_CURVE('',#2322,#2322,#2324,.T.);
#2322 = VERTEX_POINT('',#2323);
#2323 = CARTESIAN_POINT('',(143.675,-79.21,1.51));
#2324 = CIRCLE('',#2325,0.75);
#2325 = AXIS2_PLACEMENT_3D('',#2326,#2327,#2328);
#2326 = CARTESIAN_POINT('',(143.675,-78.46,1.51));
#2327 = DIRECTION('',(-0.,0.,-1.));
#2328 = DIRECTION('',(-0.,-1.,0.));
#2329 = FACE_BOUND('',#2330,.T.);
#2330 = EDGE_LOOP('',(#2331));
#2331 = ORIENTED_EDGE('',*,*,#2332,.T.);
#2332 = EDGE_CURVE('',#2333,#2333,#2335,.T.);
#2333 = VERTEX_POINT('',#2334);
#2334 = CARTESIAN_POINT('',(150.5,-80.28,1.51));
#2335 = CIRCLE('',#2336,0.4);
#2336 = AXIS2_PLACEMENT_3D('',#2337,#2338,#2339);
#2337 = CARTESIAN_POINT('',(150.5,-79.88,1.51));
#2338 = DIRECTION('',(-0.,0.,-1.));
#2339 = DIRECTION('',(-0.,-1.,0.));
#2340 = FACE_BOUND('',#2341,.T.);
#2341 = EDGE_LOOP('',(#2342));
#2342 = ORIENTED_EDGE('',*,*,#2343,.T.);
#2343 = EDGE_CURVE('',#2344,#2344,#2346,.T.);
#2344 = VERTEX_POINT('',#2345);
#2345 = CARTESIAN_POINT('',(156.11,-81.79,1.51));
#2346 = CIRCLE('',#2347,0.75);
#2347 = AXIS2_PLACEMENT_3D('',#2348,#2349,#2350);
#2348 = CARTESIAN_POINT('',(156.11,-81.04,1.51));
#2349 = DIRECTION('',(-0.,0.,-1.));
#2350 = DIRECTION('',(-0.,-1.,0.));
#2351 = FACE_BOUND('',#2352,.T.);
#2352 = EDGE_LOOP('',(#2353));
#2353 = ORIENTED_EDGE('',*,*,#2354,.T.);
#2354 = EDGE_CURVE('',#2355,#2355,#2357,.T.);
#2355 = VERTEX_POINT('',#2356);
#2356 = CARTESIAN_POINT('',(162.54,-98.305,1.51));
#2357 = CIRCLE('',#2358,0.75);
#2358 = AXIS2_PLACEMENT_3D('',#2359,#2360,#2361);
#2359 = CARTESIAN_POINT('',(162.54,-97.555,1.51));
#2360 = DIRECTION('',(-0.,0.,-1.));
#2361 = DIRECTION('',(-0.,-1.,0.));
#2362 = FACE_BOUND('',#2363,.T.);
#2363 = EDGE_LOOP('',(#2364));
#2364 = ORIENTED_EDGE('',*,*,#2365,.T.);
#2365 = EDGE_CURVE('',#2366,#2366,#2368,.T.);
#2366 = VERTEX_POINT('',#2367);
#2367 = CARTESIAN_POINT('',(169.5,-99.09,1.51));
#2368 = CIRCLE('',#2369,0.4);
#2369 = AXIS2_PLACEMENT_3D('',#2370,#2371,#2372);
#2370 = CARTESIAN_POINT('',(169.5,-98.69,1.51));
#2371 = DIRECTION('',(-0.,0.,-1.));
#2372 = DIRECTION('',(-0.,-1.,0.));
#2373 = FACE_BOUND('',#2374,.T.);
#2374 = EDGE_LOOP('',(#2375));
#2375 = ORIENTED_EDGE('',*,*,#2376,.T.);
#2376 = EDGE_CURVE('',#2377,#2377,#2379,.T.);
#2377 = VERTEX_POINT('',#2378);
#2378 = CARTESIAN_POINT('',(183.5,-92.75,1.51));
#2379 = CIRCLE('',#2380,0.5);
#2380 = AXIS2_PLACEMENT_3D('',#2381,#2382,#2383);
#2381 = CARTESIAN_POINT('',(183.5,-92.25,1.51));
#2382 = DIRECTION('',(-0.,0.,-1.));
#2383 = DIRECTION('',(-0.,-1.,0.));
#2384 = FACE_BOUND('',#2385,.T.);
#2385 = EDGE_LOOP('',(#2386));
#2386 = ORIENTED_EDGE('',*,*,#2387,.T.);
#2387 = EDGE_CURVE('',#2388,#2388,#2390,.T.);
#2388 = VERTEX_POINT('',#2389);
#2389 = CARTESIAN_POINT('',(186.04,-92.75,1.51));
#2390 = CIRCLE('',#2391,0.5);
#2391 = AXIS2_PLACEMENT_3D('',#2392,#2393,#2394);
#2392 = CARTESIAN_POINT('',(186.04,-92.25,1.51));
#2393 = DIRECTION('',(-0.,0.,-1.));
#2394 = DIRECTION('',(-0.,-1.,0.));
#2395 = FACE_BOUND('',#2396,.T.);
#2396 = EDGE_LOOP('',(#2397));
#2397 = ORIENTED_EDGE('',*,*,#2398,.T.);
#2398 = EDGE_CURVE('',#2399,#2399,#2401,.T.);
#2399 = VERTEX_POINT('',#2400);
#2400 = CARTESIAN_POINT('',(188.58,-92.75,1.51));
#2401 = CIRCLE('',#2402,0.5);
#2402 = AXIS2_PLACEMENT_3D('',#2403,#2404,#2405);
#2403 = CARTESIAN_POINT('',(188.58,-92.25,1.51));
#2404 = DIRECTION('',(-0.,0.,-1.));
#2405 = DIRECTION('',(-0.,-1.,0.));
#2406 = FACE_BOUND('',#2407,.T.);
#2407 = EDGE_LOOP('',(#2408));
#2408 = ORIENTED_EDGE('',*,*,#2409,.T.);
#2409 = EDGE_CURVE('',#2410,#2410,#2412,.T.);
#2410 = VERTEX_POINT('',#2411);
#2411 = CARTESIAN_POINT('',(191.12,-92.75,1.51));
#2412 = CIRCLE('',#2413,0.5);
#2413 = AXIS2_PLACEMENT_3D('',#2414,#2415,#2416);
#2414 = CARTESIAN_POINT('',(191.12,-92.25,1.51));
#2415 = DIRECTION('',(-0.,0.,-1.));
#2416 = DIRECTION('',(-0.,-1.,0.));
#2417 = FACE_BOUND('',#2418,.T.);
#2418 = EDGE_LOOP('',(#2419));
#2419 = ORIENTED_EDGE('',*,*,#2420,.T.);
#2420 = EDGE_CURVE('',#2421,#2421,#2423,.T.);
#2421 = VERTEX_POINT('',#2422);
#2422 = CARTESIAN_POINT('',(193.66,-92.75,1.51));
#2423 = CIRCLE('',#2424,0.5);
#2424 = AXIS2_PLACEMENT_3D('',#2425,#2426,#2427);
#2425 = CARTESIAN_POINT('',(193.66,-92.25,1.51));
#2426 = DIRECTION('',(-0.,0.,-1.));
#2427 = DIRECTION('',(-0.,-1.,0.));
#2428 = FACE_BOUND('',#2429,.T.);
#2429 = EDGE_LOOP('',(#2430));
#2430 = ORIENTED_EDGE('',*,*,#2431,.T.);
#2431 = EDGE_CURVE('',#2432,#2432,#2434,.T.);
#2432 = VERTEX_POINT('',#2433);
#2433 = CARTESIAN_POINT('',(196.2,-92.75,1.51));
#2434 = CIRCLE('',#2435,0.5);
#2435 = AXIS2_PLACEMENT_3D('',#2436,#2437,#2438);
#2436 = CARTESIAN_POINT('',(196.2,-92.25,1.51));
#2437 = DIRECTION('',(-0.,0.,-1.));
#2438 = DIRECTION('',(-0.,-1.,0.));
#2439 = FACE_BOUND('',#2440,.T.);
#2440 = EDGE_LOOP('',(#2441));
#2441 = ORIENTED_EDGE('',*,*,#2442,.T.);
#2442 = EDGE_CURVE('',#2443,#2443,#2445,.T.);
#2443 = VERTEX_POINT('',#2444);
#2444 = CARTESIAN_POINT('',(198.74,-92.75,1.51));
#2445 = CIRCLE('',#2446,0.5);
#2446 = AXIS2_PLACEMENT_3D('',#2447,#2448,#2449);
#2447 = CARTESIAN_POINT('',(198.74,-92.25,1.51));
#2448 = DIRECTION('',(-0.,0.,-1.));
#2449 = DIRECTION('',(-0.,-1.,0.));
#2450 = FACE_BOUND('',#2451,.T.);
#2451 = EDGE_LOOP('',(#2452));
#2452 = ORIENTED_EDGE('',*,*,#2453,.T.);
#2453 = EDGE_CURVE('',#2454,#2454,#2456,.T.);
#2454 = VERTEX_POINT('',#2455);
#2455 = CARTESIAN_POINT('',(159.92,-85.58,1.51));
#2456 = CIRCLE('',#2457,2.);
#2457 = AXIS2_PLACEMENT_3D('',#2458,#2459,#2460);
#2458 = CARTESIAN_POINT('',(159.92,-83.58,1.51));
#2459 = DIRECTION('',(-0.,0.,-1.));
#2460 = DIRECTION('',(-0.,-1.,0.));
#2461 = FACE_BOUND('',#2462,.T.);
#2462 = EDGE_LOOP('',(#2463));
#2463 = ORIENTED_EDGE('',*,*,#2464,.T.);
#2464 = EDGE_CURVE('',#2465,#2465,#2467,.T.);
#2465 = VERTEX_POINT('',#2466);
#2466 = CARTESIAN_POINT('',(165.,-84.43,1.51));
#2467 = CIRCLE('',#2468,0.85);
#2468 = AXIS2_PLACEMENT_3D('',#2469,#2470,#2471);
#2469 = CARTESIAN_POINT('',(165.,-83.58,1.51));
#2470 = DIRECTION('',(-0.,0.,-1.));
#2471 = DIRECTION('',(-0.,-1.,0.));
#2472 = FACE_BOUND('',#2473,.T.);
#2473 = EDGE_LOOP('',(#2474));
#2474 = ORIENTED_EDGE('',*,*,#2475,.T.);
#2475 = EDGE_CURVE('',#2476,#2476,#2478,.T.);
#2476 = VERTEX_POINT('',#2477);
#2477 = CARTESIAN_POINT('',(169.5,-87.9,1.51));
#2478 = CIRCLE('',#2479,0.4);
#2479 = AXIS2_PLACEMENT_3D('',#2480,#2481,#2482);
#2480 = CARTESIAN_POINT('',(169.5,-87.5,1.51));
#2481 = DIRECTION('',(-0.,0.,-1.));
#2482 = DIRECTION('',(-0.,-1.,0.));
#2483 = FACE_BOUND('',#2484,.T.);
#2484 = EDGE_LOOP('',(#2485));
#2485 = ORIENTED_EDGE('',*,*,#2486,.T.);
#2486 = EDGE_CURVE('',#2487,#2487,#2489,.T.);
#2487 = VERTEX_POINT('',#2488);
#2488 = CARTESIAN_POINT('',(162.46,-79.25,1.51));
#2489 = CIRCLE('',#2490,0.75);
#2490 = AXIS2_PLACEMENT_3D('',#2491,#2492,#2493);
#2491 = CARTESIAN_POINT('',(162.46,-78.5,1.51));
#2492 = DIRECTION('',(-0.,0.,-1.));
#2493 = DIRECTION('',(-0.,-1.,0.));
#2494 = FACE_BOUND('',#2495,.T.);
#2495 = EDGE_LOOP('',(#2496));
#2496 = ORIENTED_EDGE('',*,*,#2497,.T.);
#2497 = EDGE_CURVE('',#2498,#2498,#2500,.T.);
#2498 = VERTEX_POINT('',#2499);
#2499 = CARTESIAN_POINT('',(169.5,-80.28,1.51));
#2500 = CIRCLE('',#2501,0.4);
#2501 = AXIS2_PLACEMENT_3D('',#2502,#2503,#2504);
#2502 = CARTESIAN_POINT('',(169.5,-79.88,1.51));
#2503 = DIRECTION('',(-0.,0.,-1.));
#2504 = DIRECTION('',(-0.,-1.,0.));
#2505 = FACE_BOUND('',#2506,.T.);
#2506 = EDGE_LOOP('',(#2507));
#2507 = ORIENTED_EDGE('',*,*,#2508,.T.);
#2508 = EDGE_CURVE('',#2509,#2509,#2511,.T.);
#2509 = VERTEX_POINT('',#2510);
#2510 = CARTESIAN_POINT('',(183.5,-77.5,1.51));
#2511 = CIRCLE('',#2512,0.5);
#2512 = AXIS2_PLACEMENT_3D('',#2513,#2514,#2515);
#2513 = CARTESIAN_POINT('',(183.5,-77.,1.51));
#2514 = DIRECTION('',(-0.,0.,-1.));
#2515 = DIRECTION('',(-0.,-1.,0.));
#2516 = FACE_BOUND('',#2517,.T.);
#2517 = EDGE_LOOP('',(#2518));
#2518 = ORIENTED_EDGE('',*,*,#2519,.T.);
#2519 = EDGE_CURVE('',#2520,#2520,#2522,.T.);
#2520 = VERTEX_POINT('',#2521);
#2521 = CARTESIAN_POINT('',(186.04,-77.5,1.51));
#2522 = CIRCLE('',#2523,0.5);
#2523 = AXIS2_PLACEMENT_3D('',#2524,#2525,#2526);
#2524 = CARTESIAN_POINT('',(186.04,-77.,1.51));
#2525 = DIRECTION('',(-0.,0.,-1.));
#2526 = DIRECTION('',(-0.,-1.,0.));
#2527 = FACE_BOUND('',#2528,.T.);
#2528 = EDGE_LOOP('',(#2529));
#2529 = ORIENTED_EDGE('',*,*,#2530,.T.);
#2530 = EDGE_CURVE('',#2531,#2531,#2533,.T.);
#2531 = VERTEX_POINT('',#2532);
#2532 = CARTESIAN_POINT('',(188.58,-77.5,1.51));
#2533 = CIRCLE('',#2534,0.5);
#2534 = AXIS2_PLACEMENT_3D('',#2535,#2536,#2537);
#2535 = CARTESIAN_POINT('',(188.58,-77.,1.51));
#2536 = DIRECTION('',(-0.,0.,-1.));
#2537 = DIRECTION('',(-0.,-1.,0.));
#2538 = FACE_BOUND('',#2539,.T.);
#2539 = EDGE_LOOP('',(#2540));
#2540 = ORIENTED_EDGE('',*,*,#2541,.T.);
#2541 = EDGE_CURVE('',#2542,#2542,#2544,.T.);
#2542 = VERTEX_POINT('',#2543);
#2543 = CARTESIAN_POINT('',(191.12,-77.5,1.51));
#2544 = CIRCLE('',#2545,0.5);
#2545 = AXIS2_PLACEMENT_3D('',#2546,#2547,#2548);
#2546 = CARTESIAN_POINT('',(191.12,-77.,1.51));
#2547 = DIRECTION('',(-0.,0.,-1.));
#2548 = DIRECTION('',(-0.,-1.,0.));
#2549 = FACE_BOUND('',#2550,.T.);
#2550 = EDGE_LOOP('',(#2551));
#2551 = ORIENTED_EDGE('',*,*,#2552,.T.);
#2552 = EDGE_CURVE('',#2553,#2553,#2555,.T.);
#2553 = VERTEX_POINT('',#2554);
#2554 = CARTESIAN_POINT('',(193.66,-77.5,1.51));
#2555 = CIRCLE('',#2556,0.5);
#2556 = AXIS2_PLACEMENT_3D('',#2557,#2558,#2559);
#2557 = CARTESIAN_POINT('',(193.66,-77.,1.51));
#2558 = DIRECTION('',(-0.,0.,-1.));
#2559 = DIRECTION('',(-0.,-1.,0.));
#2560 = FACE_BOUND('',#2561,.T.);
#2561 = EDGE_LOOP('',(#2562));
#2562 = ORIENTED_EDGE('',*,*,#2563,.T.);
#2563 = EDGE_CURVE('',#2564,#2564,#2566,.T.);
#2564 = VERTEX_POINT('',#2565);
#2565 = CARTESIAN_POINT('',(196.2,-77.5,1.51));
#2566 = CIRCLE('',#2567,0.5);
#2567 = AXIS2_PLACEMENT_3D('',#2568,#2569,#2570);
#2568 = CARTESIAN_POINT('',(196.2,-77.,1.51));
#2569 = DIRECTION('',(-0.,0.,-1.));
#2570 = DIRECTION('',(-0.,-1.,0.));
#2571 = FACE_BOUND('',#2572,.T.);
#2572 = EDGE_LOOP('',(#2573));
#2573 = ORIENTED_EDGE('',*,*,#2574,.T.);
#2574 = EDGE_CURVE('',#2575,#2575,#2577,.T.);
#2575 = VERTEX_POINT('',#2576);
#2576 = CARTESIAN_POINT('',(198.74,-77.5,1.51));
#2577 = CIRCLE('',#2578,0.5);
#2578 = AXIS2_PLACEMENT_3D('',#2579,#2580,#2581);
#2579 = CARTESIAN_POINT('',(198.74,-77.,1.51));
#2580 = DIRECTION('',(-0.,0.,-1.));
#2581 = DIRECTION('',(-0.,-1.,0.));
#2582 = PLANE('',#2583);
#2583 = AXIS2_PLACEMENT_3D('',#2584,#2585,#2586);
#2584 = CARTESIAN_POINT('',(0.,0.,1.51));
#2585 = DIRECTION('',(0.,0.,1.));
#2586 = DIRECTION('',(1.,0.,-0.));
#2587 = ADVANCED_FACE('',(#2588),#2594,.T.);
#2588 = FACE_BOUND('',#2589,.T.);
#2589 = EDGE_LOOP('',(#2590,#2591,#2592,#2593));
#2590 = ORIENTED_EDGE('',*,*,#587,.T.);
#2591 = ORIENTED_EDGE('',*,*,#1602,.T.);
#2592 = ORIENTED_EDGE('',*,*,#547,.F.);
#2593 = ORIENTED_EDGE('',*,*,#611,.F.);
#2594 = PLANE('',#2595);
#2595 = AXIS2_PLACEMENT_3D('',#2596,#2597,#2598);
#2596 = CARTESIAN_POINT('',(107.,-67.,0.));
#2597 = DIRECTION('',(0.,1.,0.));
#2598 = DIRECTION('',(1.,0.,0.));
#2599 = ADVANCED_FACE('',(#2600),#2611,.F.);
#2600 = FACE_BOUND('',#2601,.T.);
#2601 = EDGE_LOOP('',(#2602,#2603,#2609,#2610));
#2602 = ORIENTED_EDGE('',*,*,#620,.T.);
#2603 = ORIENTED_EDGE('',*,*,#2604,.T.);
#2604 = EDGE_CURVE('',#621,#1612,#2605,.T.);
#2605 = LINE('',#2606,#2607);
#2606 = CARTESIAN_POINT('',(116.5,-122.35,-4.6E-02));
#2607 = VECTOR('',#2608,1.);
#2608 = DIRECTION('',(0.,0.,1.));
#2609 = ORIENTED_EDGE('',*,*,#1611,.F.);
#2610 = ORIENTED_EDGE('',*,*,#2604,.F.);
#2611 = CYLINDRICAL_SURFACE('',#2612,0.85);
#2612 = AXIS2_PLACEMENT_3D('',#2613,#2614,#2615);
#2613 = CARTESIAN_POINT('',(116.5,-121.5,-4.6E-02));
#2614 = DIRECTION('',(-0.,-0.,-1.));
#2615 = DIRECTION('',(-0.,-1.,0.));
#2616 = ADVANCED_FACE('',(#2617),#2628,.F.);
#2617 = FACE_BOUND('',#2618,.T.);
#2618 = EDGE_LOOP('',(#2619,#2620,#2626,#2627));
#2619 = ORIENTED_EDGE('',*,*,#631,.T.);
#2620 = ORIENTED_EDGE('',*,*,#2621,.T.);
#2621 = EDGE_CURVE('',#632,#1623,#2622,.T.);
#2622 = LINE('',#2623,#2624);
#2623 = CARTESIAN_POINT('',(121.58,-123.5,-4.6E-02));
#2624 = VECTOR('',#2625,1.);
#2625 = DIRECTION('',(0.,0.,1.));
#2626 = ORIENTED_EDGE('',*,*,#1622,.F.);
#2627 = ORIENTED_EDGE('',*,*,#2621,.F.);
#2628 = CYLINDRICAL_SURFACE('',#2629,2.);
#2629 = AXIS2_PLACEMENT_3D('',#2630,#2631,#2632);
#2630 = CARTESIAN_POINT('',(121.58,-121.5,-4.6E-02));
#2631 = DIRECTION('',(-0.,-0.,-1.));
#2632 = DIRECTION('',(-0.,-1.,0.));
#2633 = ADVANCED_FACE('',(#2634),#2645,.F.);
#2634 = FACE_BOUND('',#2635,.T.);
#2635 = EDGE_LOOP('',(#2636,#2637,#2643,#2644));
#2636 = ORIENTED_EDGE('',*,*,#642,.T.);
#2637 = ORIENTED_EDGE('',*,*,#2638,.T.);
#2638 = EDGE_CURVE('',#643,#1634,#2639,.T.);
#2639 = LINE('',#2640,#2641);
#2640 = CARTESIAN_POINT('',(131.,-125.4,-4.6E-02));
#2641 = VECTOR('',#2642,1.);
#2642 = DIRECTION('',(0.,0.,1.));
#2643 = ORIENTED_EDGE('',*,*,#1633,.F.);
#2644 = ORIENTED_EDGE('',*,*,#2638,.F.);
#2645 = CYLINDRICAL_SURFACE('',#2646,0.4);
#2646 = AXIS2_PLACEMENT_3D('',#2647,#2648,#2649);
#2647 = CARTESIAN_POINT('',(131.,-125.,-4.6E-02));
#2648 = DIRECTION('',(-0.,-0.,-1.));
#2649 = DIRECTION('',(-0.,-1.,0.));
#2650 = ADVANCED_FACE('',(#2651),#2662,.F.);
#2651 = FACE_BOUND('',#2652,.T.);
#2652 = EDGE_LOOP('',(#2653,#2654,#2660,#2661));
#2653 = ORIENTED_EDGE('',*,*,#653,.T.);
#2654 = ORIENTED_EDGE('',*,*,#2655,.T.);
#2655 = EDGE_CURVE('',#654,#1645,#2656,.T.);
#2656 = LINE('',#2657,#2658);
#2657 = CARTESIAN_POINT('',(126.66,-122.35,-4.6E-02));
#2658 = VECTOR('',#2659,1.);
#2659 = DIRECTION('',(0.,0.,1.));
#2660 = ORIENTED_EDGE('',*,*,#1644,.F.);
#2661 = ORIENTED_EDGE('',*,*,#2655,.F.);
#2662 = CYLINDRICAL_SURFACE('',#2663,0.85);
#2663 = AXIS2_PLACEMENT_3D('',#2664,#2665,#2666);
#2664 = CARTESIAN_POINT('',(126.66,-121.5,-4.6E-02));
#2665 = DIRECTION('',(-0.,-0.,-1.));
#2666 = DIRECTION('',(-0.,-1.,0.));
#2667 = ADVANCED_FACE('',(#2668),#2679,.F.);
#2668 = FACE_BOUND('',#2669,.T.);
#2669 = EDGE_LOOP('',(#2670,#2671,#2677,#2678));
#2670 = ORIENTED_EDGE('',*,*,#664,.T.);
#2671 = ORIENTED_EDGE('',*,*,#2672,.T.);
#2672 = EDGE_CURVE('',#665,#1656,#2673,.T.);
#2673 = LINE('',#2674,#2675);
#2674 = CARTESIAN_POINT('',(135.42,-122.35,-4.6E-02));
#2675 = VECTOR('',#2676,1.);
#2676 = DIRECTION('',(0.,0.,1.));
#2677 = ORIENTED_EDGE('',*,*,#1655,.F.);
#2678 = ORIENTED_EDGE('',*,*,#2672,.F.);
#2679 = CYLINDRICAL_SURFACE('',#2680,0.85);
#2680 = AXIS2_PLACEMENT_3D('',#2681,#2682,#2683);
#2681 = CARTESIAN_POINT('',(135.42,-121.5,-4.6E-02));
#2682 = DIRECTION('',(-0.,-0.,-1.));
#2683 = DIRECTION('',(-3.343730521224E-14,-1.,0.));
#2684 = ADVANCED_FACE('',(#2685),#2696,.F.);
#2685 = FACE_BOUND('',#2686,.T.);
#2686 = EDGE_LOOP('',(#2687,#2688,#2694,#2695));
#2687 = ORIENTED_EDGE('',*,*,#675,.T.);
#2688 = ORIENTED_EDGE('',*,*,#2689,.T.);
#2689 = EDGE_CURVE('',#676,#1667,#2690,.T.);
#2690 = LINE('',#2691,#2692);
#2691 = CARTESIAN_POINT('',(117.77,-119.71,-4.6E-02));
#2692 = VECTOR('',#2693,1.);
#2693 = DIRECTION('',(0.,0.,1.));
#2694 = ORIENTED_EDGE('',*,*,#1666,.F.);
#2695 = ORIENTED_EDGE('',*,*,#2689,.F.);
#2696 = CYLINDRICAL_SURFACE('',#2697,0.75);
#2697 = AXIS2_PLACEMENT_3D('',#2698,#2699,#2700);
#2698 = CARTESIAN_POINT('',(117.77,-118.96,-4.6E-02));
#2699 = DIRECTION('',(-0.,-0.,-1.));
#2700 = DIRECTION('',(-0.,-1.,0.));
#2701 = ADVANCED_FACE('',(#2702),#2713,.F.);
#2702 = FACE_BOUND('',#2703,.T.);
#2703 = EDGE_LOOP('',(#2704,#2705,#2711,#2712));
#2704 = ORIENTED_EDGE('',*,*,#686,.T.);
#2705 = ORIENTED_EDGE('',*,*,#2706,.T.);
#2706 = EDGE_CURVE('',#687,#1678,#2707,.T.);
#2707 = LINE('',#2708,#2709);
#2708 = CARTESIAN_POINT('',(124.12,-117.17,-4.6E-02));
#2709 = VECTOR('',#2710,1.);
#2710 = DIRECTION('',(0.,0.,1.));
#2711 = ORIENTED_EDGE('',*,*,#1677,.F.);
#2712 = ORIENTED_EDGE('',*,*,#2706,.F.);
#2713 = CYLINDRICAL_SURFACE('',#2714,0.75);
#2714 = AXIS2_PLACEMENT_3D('',#2715,#2716,#2717);
#2715 = CARTESIAN_POINT('',(124.12,-116.42,-4.6E-02));
#2716 = DIRECTION('',(-0.,-0.,-1.));
#2717 = DIRECTION('',(-0.,-1.,0.));
#2718 = ADVANCED_FACE('',(#2719),#2730,.F.);
#2719 = FACE_BOUND('',#2720,.T.);
#2720 = EDGE_LOOP('',(#2721,#2722,#2728,#2729));
#2721 = ORIENTED_EDGE('',*,*,#697,.T.);
#2722 = ORIENTED_EDGE('',*,*,#2723,.T.);
#2723 = EDGE_CURVE('',#698,#1689,#2724,.T.);
#2724 = LINE('',#2725,#2726);
#2725 = CARTESIAN_POINT('',(131.,-117.78,-4.6E-02));
#2726 = VECTOR('',#2727,1.);
#2727 = DIRECTION('',(0.,0.,1.));
#2728 = ORIENTED_EDGE('',*,*,#1688,.F.);
#2729 = ORIENTED_EDGE('',*,*,#2723,.F.);
#2730 = CYLINDRICAL_SURFACE('',#2731,0.4);
#2731 = AXIS2_PLACEMENT_3D('',#2732,#2733,#2734);
#2732 = CARTESIAN_POINT('',(131.,-117.38,-4.6E-02));
#2733 = DIRECTION('',(-0.,-0.,-1.));
#2734 = DIRECTION('',(-0.,-1.,0.));
#2735 = ADVANCED_FACE('',(#2736),#2747,.F.);
#2736 = FACE_BOUND('',#2737,.T.);
#2737 = EDGE_LOOP('',(#2738,#2739,#2745,#2746));
#2738 = ORIENTED_EDGE('',*,*,#708,.T.);
#2739 = ORIENTED_EDGE('',*,*,#2740,.T.);
#2740 = EDGE_CURVE('',#709,#1700,#2741,.T.);
#2741 = LINE('',#2742,#2743);
#2742 = CARTESIAN_POINT('',(140.5,-123.5,-4.6E-02));
#2743 = VECTOR('',#2744,1.);
#2744 = DIRECTION('',(0.,0.,1.));
#2745 = ORIENTED_EDGE('',*,*,#1699,.F.);
#2746 = ORIENTED_EDGE('',*,*,#2740,.F.);
#2747 = CYLINDRICAL_SURFACE('',#2748,2.);
#2748 = AXIS2_PLACEMENT_3D('',#2749,#2750,#2751);
#2749 = CARTESIAN_POINT('',(140.5,-121.5,-4.6E-02));
#2750 = DIRECTION('',(-0.,-0.,-1.));
#2751 = DIRECTION('',(-0.,-1.,0.));
#2752 = ADVANCED_FACE('',(#2753),#2764,.F.);
#2753 = FACE_BOUND('',#2754,.T.);
#2754 = EDGE_LOOP('',(#2755,#2756,#2762,#2763));
#2755 = ORIENTED_EDGE('',*,*,#719,.T.);
#2756 = ORIENTED_EDGE('',*,*,#2757,.T.);
#2757 = EDGE_CURVE('',#720,#1711,#2758,.T.);
#2758 = LINE('',#2759,#2760);
#2759 = CARTESIAN_POINT('',(145.58,-122.35,-4.6E-02));
#2760 = VECTOR('',#2761,1.);
#2761 = DIRECTION('',(0.,0.,1.));
#2762 = ORIENTED_EDGE('',*,*,#1710,.F.);
#2763 = ORIENTED_EDGE('',*,*,#2757,.F.);
#2764 = CYLINDRICAL_SURFACE('',#2765,0.85);
#2765 = AXIS2_PLACEMENT_3D('',#2766,#2767,#2768);
#2766 = CARTESIAN_POINT('',(145.58,-121.5,-4.6E-02));
#2767 = DIRECTION('',(-0.,0.,-1.));
#2768 = DIRECTION('',(3.343730521224E-14,-1.,-0.));
#2769 = ADVANCED_FACE('',(#2770),#2781,.F.);
#2770 = FACE_BOUND('',#2771,.T.);
#2771 = EDGE_LOOP('',(#2772,#2773,#2779,#2780));
#2772 = ORIENTED_EDGE('',*,*,#730,.T.);
#2773 = ORIENTED_EDGE('',*,*,#2774,.T.);
#2774 = EDGE_CURVE('',#731,#1722,#2775,.T.);
#2775 = LINE('',#2776,#2777);
#2776 = CARTESIAN_POINT('',(150.,-125.9,-4.6E-02));
#2777 = VECTOR('',#2778,1.);
#2778 = DIRECTION('',(0.,0.,1.));
#2779 = ORIENTED_EDGE('',*,*,#1721,.F.);
#2780 = ORIENTED_EDGE('',*,*,#2774,.F.);
#2781 = CYLINDRICAL_SURFACE('',#2782,0.4);
#2782 = AXIS2_PLACEMENT_3D('',#2783,#2784,#2785);
#2783 = CARTESIAN_POINT('',(150.,-125.5,-4.6E-02));
#2784 = DIRECTION('',(-0.,-0.,-1.));
#2785 = DIRECTION('',(-0.,-1.,0.));
#2786 = ADVANCED_FACE('',(#2787),#2798,.F.);
#2787 = FACE_BOUND('',#2788,.T.);
#2788 = EDGE_LOOP('',(#2789,#2790,#2796,#2797));
#2789 = ORIENTED_EDGE('',*,*,#741,.T.);
#2790 = ORIENTED_EDGE('',*,*,#2791,.T.);
#2791 = EDGE_CURVE('',#742,#1733,#2792,.T.);
#2792 = LINE('',#2793,#2794);
#2793 = CARTESIAN_POINT('',(154.84,-122.35,-4.6E-02));
#2794 = VECTOR('',#2795,1.);
#2795 = DIRECTION('',(0.,0.,1.));
#2796 = ORIENTED_EDGE('',*,*,#1732,.F.);
#2797 = ORIENTED_EDGE('',*,*,#2791,.F.);
#2798 = CYLINDRICAL_SURFACE('',#2799,0.85);
#2799 = AXIS2_PLACEMENT_3D('',#2800,#2801,#2802);
#2800 = CARTESIAN_POINT('',(154.84,-121.5,-4.6E-02));
#2801 = DIRECTION('',(-0.,-0.,-1.));
#2802 = DIRECTION('',(-0.,-1.,0.));
#2803 = ADVANCED_FACE('',(#2804),#2815,.F.);
#2804 = FACE_BOUND('',#2805,.T.);
#2805 = EDGE_LOOP('',(#2806,#2807,#2813,#2814));
#2806 = ORIENTED_EDGE('',*,*,#752,.T.);
#2807 = ORIENTED_EDGE('',*,*,#2808,.T.);
#2808 = EDGE_CURVE('',#753,#1744,#2809,.T.);
#2809 = LINE('',#2810,#2811);
#2810 = CARTESIAN_POINT('',(136.69,-119.71,-4.6E-02));
#2811 = VECTOR('',#2812,1.);
#2812 = DIRECTION('',(0.,0.,1.));
#2813 = ORIENTED_EDGE('',*,*,#1743,.F.);
#2814 = ORIENTED_EDGE('',*,*,#2808,.F.);
#2815 = CYLINDRICAL_SURFACE('',#2816,0.75);
#2816 = AXIS2_PLACEMENT_3D('',#2817,#2818,#2819);
#2817 = CARTESIAN_POINT('',(136.69,-118.96,-4.6E-02));
#2818 = DIRECTION('',(-0.,-0.,-1.));
#2819 = DIRECTION('',(-0.,-1.,0.));
#2820 = ADVANCED_FACE('',(#2821),#2832,.F.);
#2821 = FACE_BOUND('',#2822,.T.);
#2822 = EDGE_LOOP('',(#2823,#2824,#2830,#2831));
#2823 = ORIENTED_EDGE('',*,*,#763,.T.);
#2824 = ORIENTED_EDGE('',*,*,#2825,.T.);
#2825 = EDGE_CURVE('',#764,#1755,#2826,.T.);
#2826 = LINE('',#2827,#2828);
#2827 = CARTESIAN_POINT('',(143.04,-117.17,-4.6E-02));
#2828 = VECTOR('',#2829,1.);
#2829 = DIRECTION('',(0.,0.,1.));
#2830 = ORIENTED_EDGE('',*,*,#1754,.F.);
#2831 = ORIENTED_EDGE('',*,*,#2825,.F.);
#2832 = CYLINDRICAL_SURFACE('',#2833,0.75);
#2833 = AXIS2_PLACEMENT_3D('',#2834,#2835,#2836);
#2834 = CARTESIAN_POINT('',(143.04,-116.42,-4.6E-02));
#2835 = DIRECTION('',(-0.,-0.,-1.));
#2836 = DIRECTION('',(-0.,-1.,0.));
#2837 = ADVANCED_FACE('',(#2838),#2849,.F.);
#2838 = FACE_BOUND('',#2839,.T.);
#2839 = EDGE_LOOP('',(#2840,#2841,#2847,#2848));
#2840 = ORIENTED_EDGE('',*,*,#774,.T.);
#2841 = ORIENTED_EDGE('',*,*,#2842,.T.);
#2842 = EDGE_CURVE('',#775,#1766,#2843,.T.);
#2843 = LINE('',#2844,#2845);
#2844 = CARTESIAN_POINT('',(150.,-118.28,-4.6E-02));
#2845 = VECTOR('',#2846,1.);
#2846 = DIRECTION('',(0.,0.,1.));
#2847 = ORIENTED_EDGE('',*,*,#1765,.F.);
#2848 = ORIENTED_EDGE('',*,*,#2842,.F.);
#2849 = CYLINDRICAL_SURFACE('',#2850,0.4);
#2850 = AXIS2_PLACEMENT_3D('',#2851,#2852,#2853);
#2851 = CARTESIAN_POINT('',(150.,-117.88,-4.6E-02));
#2852 = DIRECTION('',(-0.,-0.,-1.));
#2853 = DIRECTION('',(-0.,-1.,0.));
#2854 = ADVANCED_FACE('',(#2855),#2866,.F.);
#2855 = FACE_BOUND('',#2856,.T.);
#2856 = EDGE_LOOP('',(#2857,#2858,#2864,#2865));
#2857 = ORIENTED_EDGE('',*,*,#785,.T.);
#2858 = ORIENTED_EDGE('',*,*,#2859,.T.);
#2859 = EDGE_CURVE('',#786,#1777,#2860,.T.);
#2860 = LINE('',#2861,#2862);
#2861 = CARTESIAN_POINT('',(156.11,-119.71,-4.6E-02));
#2862 = VECTOR('',#2863,1.);
#2863 = DIRECTION('',(0.,0.,1.));
#2864 = ORIENTED_EDGE('',*,*,#1776,.F.);
#2865 = ORIENTED_EDGE('',*,*,#2859,.F.);
#2866 = CYLINDRICAL_SURFACE('',#2867,0.75);
#2867 = AXIS2_PLACEMENT_3D('',#2868,#2869,#2870);
#2868 = CARTESIAN_POINT('',(156.11,-118.96,-4.6E-02));
#2869 = DIRECTION('',(-0.,-0.,-1.));
#2870 = DIRECTION('',(-0.,-1.,0.));
#2871 = ADVANCED_FACE('',(#2872),#2883,.F.);
#2872 = FACE_BOUND('',#2873,.T.);
#2873 = EDGE_LOOP('',(#2874,#2875,#2881,#2882));
#2874 = ORIENTED_EDGE('',*,*,#796,.T.);
#2875 = ORIENTED_EDGE('',*,*,#2876,.T.);
#2876 = EDGE_CURVE('',#797,#1788,#2877,.T.);
#2877 = LINE('',#2878,#2879);
#2878 = CARTESIAN_POINT('',(116.73,-103.39,-4.6E-02));
#2879 = VECTOR('',#2880,1.);
#2880 = DIRECTION('',(0.,0.,1.));
#2881 = ORIENTED_EDGE('',*,*,#1787,.F.);
#2882 = ORIENTED_EDGE('',*,*,#2876,.F.);
#2883 = CYLINDRICAL_SURFACE('',#2884,0.85);
#2884 = AXIS2_PLACEMENT_3D('',#2885,#2886,#2887);
#2885 = CARTESIAN_POINT('',(116.73,-102.54,-4.6E-02));
#2886 = DIRECTION('',(-0.,0.,-1.));
#2887 = DIRECTION('',(1.671865260612E-14,-1.,-0.));
#2888 = ADVANCED_FACE('',(#2889),#2900,.F.);
#2889 = FACE_BOUND('',#2890,.T.);
#2890 = EDGE_LOOP('',(#2891,#2892,#2898,#2899));
#2891 = ORIENTED_EDGE('',*,*,#807,.T.);
#2892 = ORIENTED_EDGE('',*,*,#2893,.T.);
#2893 = EDGE_CURVE('',#808,#1799,#2894,.T.);
#2894 = LINE('',#2895,#2896);
#2895 = CARTESIAN_POINT('',(121.81,-104.54,-4.6E-02));
#2896 = VECTOR('',#2897,1.);
#2897 = DIRECTION('',(0.,0.,1.));
#2898 = ORIENTED_EDGE('',*,*,#1798,.F.);
#2899 = ORIENTED_EDGE('',*,*,#2893,.F.);
#2900 = CYLINDRICAL_SURFACE('',#2901,2.);
#2901 = AXIS2_PLACEMENT_3D('',#2902,#2903,#2904);
#2902 = CARTESIAN_POINT('',(121.81,-102.54,-4.6E-02));
#2903 = DIRECTION('',(-0.,-0.,-1.));
#2904 = DIRECTION('',(-0.,-1.,0.));
#2905 = ADVANCED_FACE('',(#2906),#2917,.F.);
#2906 = FACE_BOUND('',#2907,.T.);
#2907 = EDGE_LOOP('',(#2908,#2909,#2915,#2916));
#2908 = ORIENTED_EDGE('',*,*,#818,.T.);
#2909 = ORIENTED_EDGE('',*,*,#2910,.T.);
#2910 = EDGE_CURVE('',#819,#1810,#2911,.T.);
#2911 = LINE('',#2912,#2913);
#2912 = CARTESIAN_POINT('',(131.,-107.4,-4.6E-02));
#2913 = VECTOR('',#2914,1.);
#2914 = DIRECTION('',(0.,0.,1.));
#2915 = ORIENTED_EDGE('',*,*,#1809,.F.);
#2916 = ORIENTED_EDGE('',*,*,#2910,.F.);
#2917 = CYLINDRICAL_SURFACE('',#2918,0.4);
#2918 = AXIS2_PLACEMENT_3D('',#2919,#2920,#2921);
#2919 = CARTESIAN_POINT('',(131.,-107.,-4.6E-02));
#2920 = DIRECTION('',(-0.,-0.,-1.));
#2921 = DIRECTION('',(-0.,-1.,0.));
#2922 = ADVANCED_FACE('',(#2923),#2934,.F.);
#2923 = FACE_BOUND('',#2924,.T.);
#2924 = EDGE_LOOP('',(#2925,#2926,#2932,#2933));
#2925 = ORIENTED_EDGE('',*,*,#829,.T.);
#2926 = ORIENTED_EDGE('',*,*,#2927,.T.);
#2927 = EDGE_CURVE('',#830,#1821,#2928,.T.);
#2928 = LINE('',#2929,#2930);
#2929 = CARTESIAN_POINT('',(126.89,-103.39,-4.6E-02));
#2930 = VECTOR('',#2931,1.);
#2931 = DIRECTION('',(0.,0.,1.));
#2932 = ORIENTED_EDGE('',*,*,#1820,.F.);
#2933 = ORIENTED_EDGE('',*,*,#2927,.F.);
#2934 = CYLINDRICAL_SURFACE('',#2935,0.85);
#2935 = AXIS2_PLACEMENT_3D('',#2936,#2937,#2938);
#2936 = CARTESIAN_POINT('',(126.89,-102.54,-4.6E-02));
#2937 = DIRECTION('',(-0.,-0.,-1.));
#2938 = DIRECTION('',(-0.,-1.,0.));
#2939 = ADVANCED_FACE('',(#2940),#2951,.F.);
#2940 = FACE_BOUND('',#2941,.T.);
#2941 = EDGE_LOOP('',(#2942,#2943,#2949,#2950));
#2942 = ORIENTED_EDGE('',*,*,#840,.T.);
#2943 = ORIENTED_EDGE('',*,*,#2944,.T.);
#2944 = EDGE_CURVE('',#841,#1832,#2945,.T.);
#2945 = LINE('',#2946,#2947);
#2946 = CARTESIAN_POINT('',(135.92,-103.485,-4.6E-02));
#2947 = VECTOR('',#2948,1.);
#2948 = DIRECTION('',(0.,0.,1.));
#2949 = ORIENTED_EDGE('',*,*,#1831,.F.);
#2950 = ORIENTED_EDGE('',*,*,#2944,.F.);
#2951 = CYLINDRICAL_SURFACE('',#2952,0.85);
#2952 = AXIS2_PLACEMENT_3D('',#2953,#2954,#2955);
#2953 = CARTESIAN_POINT('',(135.92,-102.635,-4.6E-02));
#2954 = DIRECTION('',(-0.,-0.,-1.));
#2955 = DIRECTION('',(-3.343730521224E-14,-1.,0.));
#2956 = ADVANCED_FACE('',(#2957),#2968,.F.);
#2957 = FACE_BOUND('',#2958,.T.);
#2958 = EDGE_LOOP('',(#2959,#2960,#2966,#2967));
#2959 = ORIENTED_EDGE('',*,*,#851,.T.);
#2960 = ORIENTED_EDGE('',*,*,#2961,.T.);
#2961 = EDGE_CURVE('',#852,#1843,#2962,.T.);
#2962 = LINE('',#2963,#2964);
#2963 = CARTESIAN_POINT('',(141.,-104.635,-4.6E-02));
#2964 = VECTOR('',#2965,1.);
#2965 = DIRECTION('',(0.,0.,1.));
#2966 = ORIENTED_EDGE('',*,*,#1842,.F.);
#2967 = ORIENTED_EDGE('',*,*,#2961,.F.);
#2968 = CYLINDRICAL_SURFACE('',#2969,2.);
#2969 = AXIS2_PLACEMENT_3D('',#2970,#2971,#2972);
#2970 = CARTESIAN_POINT('',(141.,-102.635,-4.6E-02));
#2971 = DIRECTION('',(-0.,-0.,-1.));
#2972 = DIRECTION('',(-0.,-1.,0.));
#2973 = ADVANCED_FACE('',(#2974),#2985,.F.);
#2974 = FACE_BOUND('',#2975,.T.);
#2975 = EDGE_LOOP('',(#2976,#2977,#2983,#2984));
#2976 = ORIENTED_EDGE('',*,*,#862,.T.);
#2977 = ORIENTED_EDGE('',*,*,#2978,.T.);
#2978 = EDGE_CURVE('',#863,#1854,#2979,.T.);
#2979 = LINE('',#2980,#2981);
#2980 = CARTESIAN_POINT('',(146.08,-103.485,-4.6E-02));
#2981 = VECTOR('',#2982,1.);
#2982 = DIRECTION('',(0.,0.,1.));
#2983 = ORIENTED_EDGE('',*,*,#1853,.F.);
#2984 = ORIENTED_EDGE('',*,*,#2978,.F.);
#2985 = CYLINDRICAL_SURFACE('',#2986,0.85);
#2986 = AXIS2_PLACEMENT_3D('',#2987,#2988,#2989);
#2987 = CARTESIAN_POINT('',(146.08,-102.635,-4.6E-02));
#2988 = DIRECTION('',(-0.,0.,-1.));
#2989 = DIRECTION('',(3.343730521224E-14,-1.,-0.));
#2990 = ADVANCED_FACE('',(#2991),#3002,.F.);
#2991 = FACE_BOUND('',#2992,.T.);
#2992 = EDGE_LOOP('',(#2993,#2994,#3000,#3001));
#2993 = ORIENTED_EDGE('',*,*,#873,.T.);
#2994 = ORIENTED_EDGE('',*,*,#2995,.T.);
#2995 = EDGE_CURVE('',#874,#1865,#2996,.T.);
#2996 = LINE('',#2997,#2998);
#2997 = CARTESIAN_POINT('',(150.5,-106.02,-4.6E-02));
#2998 = VECTOR('',#2999,1.);
#2999 = DIRECTION('',(0.,0.,1.));
#3000 = ORIENTED_EDGE('',*,*,#1864,.F.);
#3001 = ORIENTED_EDGE('',*,*,#2995,.F.);
#3002 = CYLINDRICAL_SURFACE('',#3003,0.4);
#3003 = AXIS2_PLACEMENT_3D('',#3004,#3005,#3006);
#3004 = CARTESIAN_POINT('',(150.5,-105.62,-4.6E-02));
#3005 = DIRECTION('',(-0.,-0.,-1.));
#3006 = DIRECTION('',(-0.,-1.,0.));
#3007 = ADVANCED_FACE('',(#3008),#3019,.F.);
#3008 = FACE_BOUND('',#3009,.T.);
#3009 = EDGE_LOOP('',(#3010,#3011,#3017,#3018));
#3010 = ORIENTED_EDGE('',*,*,#884,.T.);
#3011 = ORIENTED_EDGE('',*,*,#3012,.T.);
#3012 = EDGE_CURVE('',#885,#1876,#3013,.T.);
#3013 = LINE('',#3014,#3015);
#3014 = CARTESIAN_POINT('',(154.92,-103.485,-4.6E-02));
#3015 = VECTOR('',#3016,1.);
#3016 = DIRECTION('',(0.,0.,1.));
#3017 = ORIENTED_EDGE('',*,*,#1875,.F.);
#3018 = ORIENTED_EDGE('',*,*,#3012,.F.);
#3019 = CYLINDRICAL_SURFACE('',#3020,0.85);
#3020 = AXIS2_PLACEMENT_3D('',#3021,#3022,#3023);
#3021 = CARTESIAN_POINT('',(154.92,-102.635,-4.6E-02));
#3022 = DIRECTION('',(-0.,-0.,-1.));
#3023 = DIRECTION('',(-3.343730521224E-14,-1.,0.));
#3024 = ADVANCED_FACE('',(#3025),#3036,.F.);
#3025 = FACE_BOUND('',#3026,.T.);
#3026 = EDGE_LOOP('',(#3027,#3028,#3034,#3035));
#3027 = ORIENTED_EDGE('',*,*,#895,.T.);
#3028 = ORIENTED_EDGE('',*,*,#3029,.T.);
#3029 = EDGE_CURVE('',#896,#1887,#3030,.T.);
#3030 = LINE('',#3031,#3032);
#3031 = CARTESIAN_POINT('',(159.92,-123.5,-4.6E-02));
#3032 = VECTOR('',#3033,1.);
#3033 = DIRECTION('',(0.,0.,1.));
#3034 = ORIENTED_EDGE('',*,*,#1886,.F.);
#3035 = ORIENTED_EDGE('',*,*,#3029,.F.);
#3036 = CYLINDRICAL_SURFACE('',#3037,2.);
#3037 = AXIS2_PLACEMENT_3D('',#3038,#3039,#3040);
#3038 = CARTESIAN_POINT('',(159.92,-121.5,-4.6E-02));
#3039 = DIRECTION('',(-0.,-0.,-1.));
#3040 = DIRECTION('',(-0.,-1.,0.));
#3041 = ADVANCED_FACE('',(#3042),#3053,.F.);
#3042 = FACE_BOUND('',#3043,.T.);
#3043 = EDGE_LOOP('',(#3044,#3045,#3051,#3052));
#3044 = ORIENTED_EDGE('',*,*,#906,.T.);
#3045 = ORIENTED_EDGE('',*,*,#3046,.T.);
#3046 = EDGE_CURVE('',#907,#1898,#3047,.T.);
#3047 = LINE('',#3048,#3049);
#3048 = CARTESIAN_POINT('',(165.,-122.35,-4.6E-02));
#3049 = VECTOR('',#3050,1.);
#3050 = DIRECTION('',(0.,0.,1.));
#3051 = ORIENTED_EDGE('',*,*,#1897,.F.);
#3052 = ORIENTED_EDGE('',*,*,#3046,.F.);
#3053 = CYLINDRICAL_SURFACE('',#3054,0.85);
#3054 = AXIS2_PLACEMENT_3D('',#3055,#3056,#3057);
#3055 = CARTESIAN_POINT('',(165.,-121.5,-4.6E-02));
#3056 = DIRECTION('',(-0.,-0.,-1.));
#3057 = DIRECTION('',(-0.,-1.,0.));
#3058 = ADVANCED_FACE('',(#3059),#3070,.F.);
#3059 = FACE_BOUND('',#3060,.T.);
#3060 = EDGE_LOOP('',(#3061,#3062,#3068,#3069));
#3061 = ORIENTED_EDGE('',*,*,#917,.T.);
#3062 = ORIENTED_EDGE('',*,*,#3063,.T.);
#3063 = EDGE_CURVE('',#918,#1909,#3064,.T.);
#3064 = LINE('',#3065,#3066);
#3065 = CARTESIAN_POINT('',(170.,-125.21,-4.6E-02));
#3066 = VECTOR('',#3067,1.);
#3067 = DIRECTION('',(0.,0.,1.));
#3068 = ORIENTED_EDGE('',*,*,#1908,.F.);
#3069 = ORIENTED_EDGE('',*,*,#3063,.F.);
#3070 = CYLINDRICAL_SURFACE('',#3071,0.4);
#3071 = AXIS2_PLACEMENT_3D('',#3072,#3073,#3074);
#3072 = CARTESIAN_POINT('',(170.,-124.81,-4.6E-02));
#3073 = DIRECTION('',(-0.,-0.,-1.));
#3074 = DIRECTION('',(-0.,-1.,0.));
#3075 = ADVANCED_FACE('',(#3076),#3087,.F.);
#3076 = FACE_BOUND('',#3077,.T.);
#3077 = EDGE_LOOP('',(#3078,#3079,#3085,#3086));
#3078 = ORIENTED_EDGE('',*,*,#928,.T.);
#3079 = ORIENTED_EDGE('',*,*,#3080,.T.);
#3080 = EDGE_CURVE('',#929,#1920,#3081,.T.);
#3081 = LINE('',#3082,#3083);
#3082 = CARTESIAN_POINT('',(162.46,-117.17,-4.6E-02));
#3083 = VECTOR('',#3084,1.);
#3084 = DIRECTION('',(0.,0.,1.));
#3085 = ORIENTED_EDGE('',*,*,#1919,.F.);
#3086 = ORIENTED_EDGE('',*,*,#3080,.F.);
#3087 = CYLINDRICAL_SURFACE('',#3088,0.75);
#3088 = AXIS2_PLACEMENT_3D('',#3089,#3090,#3091);
#3089 = CARTESIAN_POINT('',(162.46,-116.42,-4.6E-02));
#3090 = DIRECTION('',(-0.,-0.,-1.));
#3091 = DIRECTION('',(-0.,-1.,0.));
#3092 = ADVANCED_FACE('',(#3093),#3104,.F.);
#3093 = FACE_BOUND('',#3094,.T.);
#3094 = EDGE_LOOP('',(#3095,#3096,#3102,#3103));
#3095 = ORIENTED_EDGE('',*,*,#939,.T.);
#3096 = ORIENTED_EDGE('',*,*,#3097,.T.);
#3097 = EDGE_CURVE('',#940,#1931,#3098,.T.);
#3098 = LINE('',#3099,#3100);
#3099 = CARTESIAN_POINT('',(170.,-117.59,-4.6E-02));
#3100 = VECTOR('',#3101,1.);
#3101 = DIRECTION('',(0.,0.,1.));
#3102 = ORIENTED_EDGE('',*,*,#1930,.F.);
#3103 = ORIENTED_EDGE('',*,*,#3097,.F.);
#3104 = CYLINDRICAL_SURFACE('',#3105,0.4);
#3105 = AXIS2_PLACEMENT_3D('',#3106,#3107,#3108);
#3106 = CARTESIAN_POINT('',(170.,-117.19,-4.6E-02));
#3107 = DIRECTION('',(-0.,-0.,-1.));
#3108 = DIRECTION('',(-0.,-1.,0.));
#3109 = ADVANCED_FACE('',(#3110),#3126,.F.);
#3110 = FACE_BOUND('',#3111,.T.);
#3111 = EDGE_LOOP('',(#3112,#3113,#3119,#3120));
#3112 = ORIENTED_EDGE('',*,*,#950,.T.);
#3113 = ORIENTED_EDGE('',*,*,#3114,.T.);
#3114 = EDGE_CURVE('',#953,#1944,#3115,.T.);
#3115 = LINE('',#3116,#3117);
#3116 = CARTESIAN_POINT('',(190.9,-120.85,-4.6E-02));
#3117 = VECTOR('',#3118,1.);
#3118 = DIRECTION('',(0.,0.,1.));
#3119 = ORIENTED_EDGE('',*,*,#1941,.F.);
#3120 = ORIENTED_EDGE('',*,*,#3121,.F.);
#3121 = EDGE_CURVE('',#951,#1942,#3122,.T.);
#3122 = LINE('',#3123,#3124);
#3123 = CARTESIAN_POINT('',(190.9,-119.35,-4.6E-02));
#3124 = VECTOR('',#3125,1.);
#3125 = DIRECTION('',(0.,0.,1.));
#3126 = CYLINDRICAL_SURFACE('',#3127,0.75);
#3127 = AXIS2_PLACEMENT_3D('',#3128,#3129,#3130);
#3128 = CARTESIAN_POINT('',(190.9,-120.1,-4.6E-02));
#3129 = DIRECTION('',(-0.,-0.,-1.));
#3130 = DIRECTION('',(-0.,-1.,0.));
#3131 = ADVANCED_FACE('',(#3132),#3143,.T.);
#3132 = FACE_BOUND('',#3133,.T.);
#3133 = EDGE_LOOP('',(#3134,#3135,#3136,#3137));
#3134 = ORIENTED_EDGE('',*,*,#978,.T.);
#3135 = ORIENTED_EDGE('',*,*,#3121,.T.);
#3136 = ORIENTED_EDGE('',*,*,#1969,.F.);
#3137 = ORIENTED_EDGE('',*,*,#3138,.F.);
#3138 = EDGE_CURVE('',#970,#1961,#3139,.T.);
#3139 = LINE('',#3140,#3141);
#3140 = CARTESIAN_POINT('',(189.6,-119.35,-4.6E-02));
#3141 = VECTOR('',#3142,1.);
#3142 = DIRECTION('',(0.,0.,1.));
#3143 = PLANE('',#3144);
#3144 = AXIS2_PLACEMENT_3D('',#3145,#3146,#3147);
#3145 = CARTESIAN_POINT('',(190.9,-119.35,-4.6E-02));
#3146 = DIRECTION('',(0.,-1.,0.));
#3147 = DIRECTION('',(-1.,0.,0.));
#3148 = ADVANCED_FACE('',(#3149),#3160,.F.);
#3149 = FACE_BOUND('',#3150,.T.);
#3150 = EDGE_LOOP('',(#3151,#3152,#3153,#3154));
#3151 = ORIENTED_EDGE('',*,*,#969,.T.);
#3152 = ORIENTED_EDGE('',*,*,#3138,.T.);
#3153 = ORIENTED_EDGE('',*,*,#1960,.F.);
#3154 = ORIENTED_EDGE('',*,*,#3155,.F.);
#3155 = EDGE_CURVE('',#962,#1953,#3156,.T.);
#3156 = LINE('',#3157,#3158);
#3157 = CARTESIAN_POINT('',(189.6,-120.85,-4.6E-02));
#3158 = VECTOR('',#3159,1.);
#3159 = DIRECTION('',(0.,0.,1.));
#3160 = CYLINDRICAL_SURFACE('',#3161,0.75);
#3161 = AXIS2_PLACEMENT_3D('',#3162,#3163,#3164);
#3162 = CARTESIAN_POINT('',(189.6,-120.1,-4.6E-02));
#3163 = DIRECTION('',(-0.,0.,-1.));
#3164 = DIRECTION('',(0.,1.,0.));
#3165 = ADVANCED_FACE('',(#3166),#3172,.T.);
#3166 = FACE_BOUND('',#3167,.T.);
#3167 = EDGE_LOOP('',(#3168,#3169,#3170,#3171));
#3168 = ORIENTED_EDGE('',*,*,#961,.T.);
#3169 = ORIENTED_EDGE('',*,*,#3155,.T.);
#3170 = ORIENTED_EDGE('',*,*,#1952,.F.);
#3171 = ORIENTED_EDGE('',*,*,#3114,.F.);
#3172 = PLANE('',#3173);
#3173 = AXIS2_PLACEMENT_3D('',#3174,#3175,#3176);
#3174 = CARTESIAN_POINT('',(189.6,-120.85,-4.6E-02));
#3175 = DIRECTION('',(0.,1.,0.));
#3176 = DIRECTION('',(1.,0.,0.));
#3177 = ADVANCED_FACE('',(#3178),#3189,.F.);
#3178 = FACE_BOUND('',#3179,.T.);
#3179 = EDGE_LOOP('',(#3180,#3181,#3187,#3188));
#3180 = ORIENTED_EDGE('',*,*,#986,.T.);
#3181 = ORIENTED_EDGE('',*,*,#3182,.T.);
#3182 = EDGE_CURVE('',#987,#1978,#3183,.T.);
#3183 = LINE('',#3184,#3185);
#3184 = CARTESIAN_POINT('',(182.75,-117.5,-4.6E-02));
#3185 = VECTOR('',#3186,1.);
#3186 = DIRECTION('',(0.,0.,1.));
#3187 = ORIENTED_EDGE('',*,*,#1977,.F.);
#3188 = ORIENTED_EDGE('',*,*,#3182,.F.);
#3189 = CYLINDRICAL_SURFACE('',#3190,0.5);
#3190 = AXIS2_PLACEMENT_3D('',#3191,#3192,#3193);
#3191 = CARTESIAN_POINT('',(182.75,-117.,-4.6E-02));
#3192 = DIRECTION('',(-0.,-0.,-1.));
#3193 = DIRECTION('',(-0.,-1.,0.));
#3194 = ADVANCED_FACE('',(#3195),#3206,.F.);
#3195 = FACE_BOUND('',#3196,.T.);
#3196 = EDGE_LOOP('',(#3197,#3198,#3204,#3205));
#3197 = ORIENTED_EDGE('',*,*,#997,.T.);
#3198 = ORIENTED_EDGE('',*,*,#3199,.T.);
#3199 = EDGE_CURVE('',#998,#1989,#3200,.T.);
#3200 = LINE('',#3201,#3202);
#3201 = CARTESIAN_POINT('',(182.75,-115.,-4.6E-02));
#3202 = VECTOR('',#3203,1.);
#3203 = DIRECTION('',(0.,0.,1.));
#3204 = ORIENTED_EDGE('',*,*,#1988,.F.);
#3205 = ORIENTED_EDGE('',*,*,#3199,.F.);
#3206 = CYLINDRICAL_SURFACE('',#3207,0.5);
#3207 = AXIS2_PLACEMENT_3D('',#3208,#3209,#3210);
#3208 = CARTESIAN_POINT('',(182.75,-114.5,-4.6E-02));
#3209 = DIRECTION('',(-0.,-0.,-1.));
#3210 = DIRECTION('',(-0.,-1.,0.));
#3211 = ADVANCED_FACE('',(#3212),#3223,.F.);
#3212 = FACE_BOUND('',#3213,.T.);
#3213 = EDGE_LOOP('',(#3214,#3215,#3221,#3222));
#3214 = ORIENTED_EDGE('',*,*,#1008,.T.);
#3215 = ORIENTED_EDGE('',*,*,#3216,.T.);
#3216 = EDGE_CURVE('',#1009,#2000,#3217,.T.);
#3217 = LINE('',#3218,#3219);
#3218 = CARTESIAN_POINT('',(197.25,-117.5,-4.6E-02));
#3219 = VECTOR('',#3220,1.);
#3220 = DIRECTION('',(0.,0.,1.));
#3221 = ORIENTED_EDGE('',*,*,#1999,.F.);
#3222 = ORIENTED_EDGE('',*,*,#3216,.F.);
#3223 = CYLINDRICAL_SURFACE('',#3224,0.5);
#3224 = AXIS2_PLACEMENT_3D('',#3225,#3226,#3227);
#3225 = CARTESIAN_POINT('',(197.25,-117.,-4.6E-02));
#3226 = DIRECTION('',(-0.,-0.,-1.));
#3227 = DIRECTION('',(-0.,-1.,0.));
#3228 = ADVANCED_FACE('',(#3229),#3240,.F.);
#3229 = FACE_BOUND('',#3230,.T.);
#3230 = EDGE_LOOP('',(#3231,#3232,#3238,#3239));
#3231 = ORIENTED_EDGE('',*,*,#1019,.T.);
#3232 = ORIENTED_EDGE('',*,*,#3233,.T.);
#3233 = EDGE_CURVE('',#1020,#2011,#3234,.T.);
#3234 = LINE('',#3235,#3236);
#3235 = CARTESIAN_POINT('',(160.,-104.635,-4.6E-02));
#3236 = VECTOR('',#3237,1.);
#3237 = DIRECTION('',(0.,0.,1.));
#3238 = ORIENTED_EDGE('',*,*,#2010,.F.);
#3239 = ORIENTED_EDGE('',*,*,#3233,.F.);
#3240 = CYLINDRICAL_SURFACE('',#3241,2.);
#3241 = AXIS2_PLACEMENT_3D('',#3242,#3243,#3244);
#3242 = CARTESIAN_POINT('',(160.,-102.635,-4.6E-02));
#3243 = DIRECTION('',(-0.,-0.,-1.));
#3244 = DIRECTION('',(-0.,-1.,0.));
#3245 = ADVANCED_FACE('',(#3246),#3257,.F.);
#3246 = FACE_BOUND('',#3247,.T.);
#3247 = EDGE_LOOP('',(#3248,#3249,#3255,#3256));
#3248 = ORIENTED_EDGE('',*,*,#1030,.T.);
#3249 = ORIENTED_EDGE('',*,*,#3250,.T.);
#3250 = EDGE_CURVE('',#1031,#2022,#3251,.T.);
#3251 = LINE('',#3252,#3253);
#3252 = CARTESIAN_POINT('',(165.08,-103.485,-4.6E-02));
#3253 = VECTOR('',#3254,1.);
#3254 = DIRECTION('',(0.,0.,1.));
#3255 = ORIENTED_EDGE('',*,*,#2021,.F.);
#3256 = ORIENTED_EDGE('',*,*,#3250,.F.);
#3257 = CYLINDRICAL_SURFACE('',#3258,0.85);
#3258 = AXIS2_PLACEMENT_3D('',#3259,#3260,#3261);
#3259 = CARTESIAN_POINT('',(165.08,-102.635,-4.6E-02));
#3260 = DIRECTION('',(-0.,0.,-1.));
#3261 = DIRECTION('',(3.343730521224E-14,-1.,-0.));
#3262 = ADVANCED_FACE('',(#3263),#3274,.F.);
#3263 = FACE_BOUND('',#3264,.T.);
#3264 = EDGE_LOOP('',(#3265,#3266,#3272,#3273));
#3265 = ORIENTED_EDGE('',*,*,#1041,.T.);
#3266 = ORIENTED_EDGE('',*,*,#3267,.T.);
#3267 = EDGE_CURVE('',#1042,#2033,#3268,.T.);
#3268 = LINE('',#3269,#3270);
#3269 = CARTESIAN_POINT('',(169.5,-106.71,-4.6E-02));
#3270 = VECTOR('',#3271,1.);
#3271 = DIRECTION('',(0.,0.,1.));
#3272 = ORIENTED_EDGE('',*,*,#2032,.F.);
#3273 = ORIENTED_EDGE('',*,*,#3267,.F.);
#3274 = CYLINDRICAL_SURFACE('',#3275,0.4);
#3275 = AXIS2_PLACEMENT_3D('',#3276,#3277,#3278);
#3276 = CARTESIAN_POINT('',(169.5,-106.31,-4.6E-02));
#3277 = DIRECTION('',(-0.,-0.,-1.));
#3278 = DIRECTION('',(-0.,-1.,0.));
#3279 = ADVANCED_FACE('',(#3280),#3291,.F.);
#3280 = FACE_BOUND('',#3281,.T.);
#3281 = EDGE_LOOP('',(#3282,#3283,#3289,#3290));
#3282 = ORIENTED_EDGE('',*,*,#1052,.T.);
#3283 = ORIENTED_EDGE('',*,*,#3284,.T.);
#3284 = EDGE_CURVE('',#1053,#2044,#3285,.T.);
#3285 = LINE('',#3286,#3287);
#3286 = CARTESIAN_POINT('',(182.75,-112.5,-4.6E-02));
#3287 = VECTOR('',#3288,1.);
#3288 = DIRECTION('',(0.,0.,1.));
#3289 = ORIENTED_EDGE('',*,*,#2043,.F.);
#3290 = ORIENTED_EDGE('',*,*,#3284,.F.);
#3291 = CYLINDRICAL_SURFACE('',#3292,0.5);
#3292 = AXIS2_PLACEMENT_3D('',#3293,#3294,#3295);
#3293 = CARTESIAN_POINT('',(182.75,-112.,-4.6E-02));
#3294 = DIRECTION('',(-0.,-0.,-1.));
#3295 = DIRECTION('',(-0.,-1.,0.));
#3296 = ADVANCED_FACE('',(#3297),#3308,.F.);
#3297 = FACE_BOUND('',#3298,.T.);
#3298 = EDGE_LOOP('',(#3299,#3300,#3306,#3307));
#3299 = ORIENTED_EDGE('',*,*,#1063,.T.);
#3300 = ORIENTED_EDGE('',*,*,#3301,.T.);
#3301 = EDGE_CURVE('',#1064,#2055,#3302,.T.);
#3302 = LINE('',#3303,#3304);
#3303 = CARTESIAN_POINT('',(197.25,-112.5,-4.6E-02));
#3304 = VECTOR('',#3305,1.);
#3305 = DIRECTION('',(0.,0.,1.));
#3306 = ORIENTED_EDGE('',*,*,#2054,.F.);
#3307 = ORIENTED_EDGE('',*,*,#3301,.F.);
#3308 = CYLINDRICAL_SURFACE('',#3309,0.5);
#3309 = AXIS2_PLACEMENT_3D('',#3310,#3311,#3312);
#3310 = CARTESIAN_POINT('',(197.25,-112.,-4.6E-02));
#3311 = DIRECTION('',(-0.,-0.,-1.));
#3312 = DIRECTION('',(-0.,-1.,0.));
#3313 = ADVANCED_FACE('',(#3314),#3330,.F.);
#3314 = FACE_BOUND('',#3315,.T.);
#3315 = EDGE_LOOP('',(#3316,#3317,#3323,#3324));
#3316 = ORIENTED_EDGE('',*,*,#1074,.T.);
#3317 = ORIENTED_EDGE('',*,*,#3318,.T.);
#3318 = EDGE_CURVE('',#1077,#2068,#3319,.T.);
#3319 = LINE('',#3320,#3321);
#3320 = CARTESIAN_POINT('',(190.9,-109.65,-4.6E-02));
#3321 = VECTOR('',#3322,1.);
#3322 = DIRECTION('',(0.,0.,1.));
#3323 = ORIENTED_EDGE('',*,*,#2065,.F.);
#3324 = ORIENTED_EDGE('',*,*,#3325,.F.);
#3325 = EDGE_CURVE('',#1075,#2066,#3326,.T.);
#3326 = LINE('',#3327,#3328);
#3327 = CARTESIAN_POINT('',(190.9,-108.15,-4.6E-02));
#3328 = VECTOR('',#3329,1.);
#3329 = DIRECTION('',(0.,0.,1.));
#3330 = CYLINDRICAL_SURFACE('',#3331,0.75);
#3331 = AXIS2_PLACEMENT_3D('',#3332,#3333,#3334);
#3332 = CARTESIAN_POINT('',(190.9,-108.9,-4.6E-02));
#3333 = DIRECTION('',(-0.,-0.,-1.));
#3334 = DIRECTION('',(-0.,-1.,0.));
#3335 = ADVANCED_FACE('',(#3336),#3347,.T.);
#3336 = FACE_BOUND('',#3337,.T.);
#3337 = EDGE_LOOP('',(#3338,#3339,#3340,#3341));
#3338 = ORIENTED_EDGE('',*,*,#1102,.T.);
#3339 = ORIENTED_EDGE('',*,*,#3325,.T.);
#3340 = ORIENTED_EDGE('',*,*,#2093,.F.);
#3341 = ORIENTED_EDGE('',*,*,#3342,.F.);
#3342 = EDGE_CURVE('',#1094,#2085,#3343,.T.);
#3343 = LINE('',#3344,#3345);
#3344 = CARTESIAN_POINT('',(189.6,-108.15,-4.6E-02));
#3345 = VECTOR('',#3346,1.);
#3346 = DIRECTION('',(0.,0.,1.));
#3347 = PLANE('',#3348);
#3348 = AXIS2_PLACEMENT_3D('',#3349,#3350,#3351);
#3349 = CARTESIAN_POINT('',(190.9,-108.15,-4.6E-02));
#3350 = DIRECTION('',(0.,-1.,0.));
#3351 = DIRECTION('',(-1.,0.,0.));
#3352 = ADVANCED_FACE('',(#3353),#3364,.F.);
#3353 = FACE_BOUND('',#3354,.T.);
#3354 = EDGE_LOOP('',(#3355,#3356,#3357,#3358));
#3355 = ORIENTED_EDGE('',*,*,#1093,.T.);
#3356 = ORIENTED_EDGE('',*,*,#3342,.T.);
#3357 = ORIENTED_EDGE('',*,*,#2084,.F.);
#3358 = ORIENTED_EDGE('',*,*,#3359,.F.);
#3359 = EDGE_CURVE('',#1086,#2077,#3360,.T.);
#3360 = LINE('',#3361,#3362);
#3361 = CARTESIAN_POINT('',(189.6,-109.65,-4.6E-02));
#3362 = VECTOR('',#3363,1.);
#3363 = DIRECTION('',(0.,0.,1.));
#3364 = CYLINDRICAL_SURFACE('',#3365,0.75);
#3365 = AXIS2_PLACEMENT_3D('',#3366,#3367,#3368);
#3366 = CARTESIAN_POINT('',(189.6,-108.9,-4.6E-02));
#3367 = DIRECTION('',(-0.,0.,-1.));
#3368 = DIRECTION('',(0.,1.,0.));
#3369 = ADVANCED_FACE('',(#3370),#3376,.T.);
#3370 = FACE_BOUND('',#3371,.T.);
#3371 = EDGE_LOOP('',(#3372,#3373,#3374,#3375));
#3372 = ORIENTED_EDGE('',*,*,#1085,.T.);
#3373 = ORIENTED_EDGE('',*,*,#3359,.T.);
#3374 = ORIENTED_EDGE('',*,*,#2076,.F.);
#3375 = ORIENTED_EDGE('',*,*,#3318,.F.);
#3376 = PLANE('',#3377);
#3377 = AXIS2_PLACEMENT_3D('',#3378,#3379,#3380);
#3378 = CARTESIAN_POINT('',(189.6,-109.65,-4.6E-02));
#3379 = DIRECTION('',(0.,1.,0.));
#3380 = DIRECTION('',(1.,0.,0.));
#3381 = ADVANCED_FACE('',(#3382),#3393,.F.);
#3382 = FACE_BOUND('',#3383,.T.);
#3383 = EDGE_LOOP('',(#3384,#3385,#3391,#3392));
#3384 = ORIENTED_EDGE('',*,*,#1110,.T.);
#3385 = ORIENTED_EDGE('',*,*,#3386,.T.);
#3386 = EDGE_CURVE('',#1111,#2102,#3387,.T.);
#3387 = LINE('',#3388,#3389);
#3388 = CARTESIAN_POINT('',(118.,-100.75,-4.6E-02));
#3389 = VECTOR('',#3390,1.);
#3390 = DIRECTION('',(0.,0.,1.));
#3391 = ORIENTED_EDGE('',*,*,#2101,.F.);
#3392 = ORIENTED_EDGE('',*,*,#3386,.F.);
#3393 = CYLINDRICAL_SURFACE('',#3394,0.75);
#3394 = AXIS2_PLACEMENT_3D('',#3395,#3396,#3397);
#3395 = CARTESIAN_POINT('',(118.,-100.,-4.6E-02));
#3396 = DIRECTION('',(-0.,-0.,-1.));
#3397 = DIRECTION('',(-0.,-1.,0.));
#3398 = ADVANCED_FACE('',(#3399),#3410,.F.);
#3399 = FACE_BOUND('',#3400,.T.);
#3400 = EDGE_LOOP('',(#3401,#3402,#3408,#3409));
#3401 = ORIENTED_EDGE('',*,*,#1121,.T.);
#3402 = ORIENTED_EDGE('',*,*,#3403,.T.);
#3403 = EDGE_CURVE('',#1122,#2113,#3404,.T.);
#3404 = LINE('',#3405,#3406);
#3405 = CARTESIAN_POINT('',(124.35,-98.21,-4.6E-02));
#3406 = VECTOR('',#3407,1.);
#3407 = DIRECTION('',(0.,0.,1.));
#3408 = ORIENTED_EDGE('',*,*,#2112,.F.);
#3409 = ORIENTED_EDGE('',*,*,#3403,.F.);
#3410 = CYLINDRICAL_SURFACE('',#3411,0.75);
#3411 = AXIS2_PLACEMENT_3D('',#3412,#3413,#3414);
#3412 = CARTESIAN_POINT('',(124.35,-97.46,-4.6E-02));
#3413 = DIRECTION('',(-0.,-0.,-1.));
#3414 = DIRECTION('',(-0.,-1.,0.));
#3415 = ADVANCED_FACE('',(#3416),#3427,.F.);
#3416 = FACE_BOUND('',#3417,.T.);
#3417 = EDGE_LOOP('',(#3418,#3419,#3425,#3426));
#3418 = ORIENTED_EDGE('',*,*,#1132,.T.);
#3419 = ORIENTED_EDGE('',*,*,#3420,.T.);
#3420 = EDGE_CURVE('',#1133,#2124,#3421,.T.);
#3421 = LINE('',#3422,#3423);
#3422 = CARTESIAN_POINT('',(131.,-99.78,-4.6E-02));
#3423 = VECTOR('',#3424,1.);
#3424 = DIRECTION('',(0.,0.,1.));
#3425 = ORIENTED_EDGE('',*,*,#2123,.F.);
#3426 = ORIENTED_EDGE('',*,*,#3420,.F.);
#3427 = CYLINDRICAL_SURFACE('',#3428,0.4);
#3428 = AXIS2_PLACEMENT_3D('',#3429,#3430,#3431);
#3429 = CARTESIAN_POINT('',(131.,-99.38,-4.6E-02));
#3430 = DIRECTION('',(-0.,-0.,-1.));
#3431 = DIRECTION('',(-0.,-1.,0.));
#3432 = ADVANCED_FACE('',(#3433),#3444,.F.);
#3433 = FACE_BOUND('',#3434,.T.);
#3434 = EDGE_LOOP('',(#3435,#3436,#3442,#3443));
#3435 = ORIENTED_EDGE('',*,*,#1143,.T.);
#3436 = ORIENTED_EDGE('',*,*,#3437,.T.);
#3437 = EDGE_CURVE('',#1144,#2135,#3438,.T.);
#3438 = LINE('',#3439,#3440);
#3439 = CARTESIAN_POINT('',(137.19,-100.845,-4.6E-02));
#3440 = VECTOR('',#3441,1.);
#3441 = DIRECTION('',(0.,0.,1.));
#3442 = ORIENTED_EDGE('',*,*,#2134,.F.);
#3443 = ORIENTED_EDGE('',*,*,#3437,.F.);
#3444 = CYLINDRICAL_SURFACE('',#3445,0.75);
#3445 = AXIS2_PLACEMENT_3D('',#3446,#3447,#3448);
#3446 = CARTESIAN_POINT('',(137.19,-100.095,-4.6E-02));
#3447 = DIRECTION('',(-0.,-0.,-1.));
#3448 = DIRECTION('',(-0.,-1.,0.));
#3449 = ADVANCED_FACE('',(#3450),#3461,.F.);
#3450 = FACE_BOUND('',#3451,.T.);
#3451 = EDGE_LOOP('',(#3452,#3453,#3459,#3460));
#3452 = ORIENTED_EDGE('',*,*,#1154,.T.);
#3453 = ORIENTED_EDGE('',*,*,#3454,.T.);
#3454 = EDGE_CURVE('',#1155,#2146,#3455,.T.);
#3455 = LINE('',#3456,#3457);
#3456 = CARTESIAN_POINT('',(143.54,-98.305,-4.6E-02));
#3457 = VECTOR('',#3458,1.);
#3458 = DIRECTION('',(0.,0.,1.));
#3459 = ORIENTED_EDGE('',*,*,#2145,.F.);
#3460 = ORIENTED_EDGE('',*,*,#3454,.F.);
#3461 = CYLINDRICAL_SURFACE('',#3462,0.75);
#3462 = AXIS2_PLACEMENT_3D('',#3463,#3464,#3465);
#3463 = CARTESIAN_POINT('',(143.54,-97.555,-4.6E-02));
#3464 = DIRECTION('',(-0.,-0.,-1.));
#3465 = DIRECTION('',(-0.,-1.,0.));
#3466 = ADVANCED_FACE('',(#3467),#3478,.F.);
#3467 = FACE_BOUND('',#3468,.T.);
#3468 = EDGE_LOOP('',(#3469,#3470,#3476,#3477));
#3469 = ORIENTED_EDGE('',*,*,#1165,.T.);
#3470 = ORIENTED_EDGE('',*,*,#3471,.T.);
#3471 = EDGE_CURVE('',#1166,#2157,#3472,.T.);
#3472 = LINE('',#3473,#3474);
#3473 = CARTESIAN_POINT('',(156.19,-100.845,-4.6E-02));
#3474 = VECTOR('',#3475,1.);
#3475 = DIRECTION('',(0.,0.,1.));
#3476 = ORIENTED_EDGE('',*,*,#2156,.F.);
#3477 = ORIENTED_EDGE('',*,*,#3471,.F.);
#3478 = CYLINDRICAL_SURFACE('',#3479,0.75);
#3479 = AXIS2_PLACEMENT_3D('',#3480,#3481,#3482);
#3480 = CARTESIAN_POINT('',(156.19,-100.095,-4.6E-02));
#3481 = DIRECTION('',(-0.,-0.,-1.));
#3482 = DIRECTION('',(-0.,-1.,0.));
#3483 = ADVANCED_FACE('',(#3484),#3495,.F.);
#3484 = FACE_BOUND('',#3485,.T.);
#3485 = EDGE_LOOP('',(#3486,#3487,#3493,#3494));
#3486 = ORIENTED_EDGE('',*,*,#1176,.T.);
#3487 = ORIENTED_EDGE('',*,*,#3488,.T.);
#3488 = EDGE_CURVE('',#1177,#2168,#3489,.T.);
#3489 = LINE('',#3490,#3491);
#3490 = CARTESIAN_POINT('',(150.5,-98.4,-4.6E-02));
#3491 = VECTOR('',#3492,1.);
#3492 = DIRECTION('',(0.,0.,1.));
#3493 = ORIENTED_EDGE('',*,*,#2167,.F.);
#3494 = ORIENTED_EDGE('',*,*,#3488,.F.);
#3495 = CYLINDRICAL_SURFACE('',#3496,0.4);
#3496 = AXIS2_PLACEMENT_3D('',#3497,#3498,#3499);
#3497 = CARTESIAN_POINT('',(150.5,-98.,-4.6E-02));
#3498 = DIRECTION('',(-0.,-0.,-1.));
#3499 = DIRECTION('',(-0.,-1.,0.));
#3500 = ADVANCED_FACE('',(#3501),#3512,.F.);
#3501 = FACE_BOUND('',#3502,.T.);
#3502 = EDGE_LOOP('',(#3503,#3504,#3510,#3511));
#3503 = ORIENTED_EDGE('',*,*,#1187,.T.);
#3504 = ORIENTED_EDGE('',*,*,#3505,.T.);
#3505 = EDGE_CURVE('',#1188,#2179,#3506,.T.);
#3506 = LINE('',#3507,#3508);
#3507 = CARTESIAN_POINT('',(116.73,-84.39,-4.6E-02));
#3508 = VECTOR('',#3509,1.);
#3509 = DIRECTION('',(0.,0.,1.));
#3510 = ORIENTED_EDGE('',*,*,#2178,.F.);
#3511 = ORIENTED_EDGE('',*,*,#3505,.F.);
#3512 = CYLINDRICAL_SURFACE('',#3513,0.85);
#3513 = AXIS2_PLACEMENT_3D('',#3514,#3515,#3516);
#3514 = CARTESIAN_POINT('',(116.73,-83.54,-4.6E-02));
#3515 = DIRECTION('',(-0.,0.,-1.));
#3516 = DIRECTION('',(1.671865260612E-14,-1.,-0.));
#3517 = ADVANCED_FACE('',(#3518),#3529,.F.);
#3518 = FACE_BOUND('',#3519,.T.);
#3519 = EDGE_LOOP('',(#3520,#3521,#3527,#3528));
#3520 = ORIENTED_EDGE('',*,*,#1198,.T.);
#3521 = ORIENTED_EDGE('',*,*,#3522,.T.);
#3522 = EDGE_CURVE('',#1199,#2190,#3523,.T.);
#3523 = LINE('',#3524,#3525);
#3524 = CARTESIAN_POINT('',(121.81,-85.54,-4.6E-02));
#3525 = VECTOR('',#3526,1.);
#3526 = DIRECTION('',(0.,0.,1.));
#3527 = ORIENTED_EDGE('',*,*,#2189,.F.);
#3528 = ORIENTED_EDGE('',*,*,#3522,.F.);
#3529 = CYLINDRICAL_SURFACE('',#3530,2.);
#3530 = AXIS2_PLACEMENT_3D('',#3531,#3532,#3533);
#3531 = CARTESIAN_POINT('',(121.81,-83.54,-4.6E-02));
#3532 = DIRECTION('',(-0.,-0.,-1.));
#3533 = DIRECTION('',(-0.,-1.,0.));
#3534 = ADVANCED_FACE('',(#3535),#3546,.F.);
#3535 = FACE_BOUND('',#3536,.T.);
#3536 = EDGE_LOOP('',(#3537,#3538,#3544,#3545));
#3537 = ORIENTED_EDGE('',*,*,#1209,.T.);
#3538 = ORIENTED_EDGE('',*,*,#3539,.T.);
#3539 = EDGE_CURVE('',#1210,#2201,#3540,.T.);
#3540 = LINE('',#3541,#3542);
#3541 = CARTESIAN_POINT('',(131.5,-88.21,-4.6E-02));
#3542 = VECTOR('',#3543,1.);
#3543 = DIRECTION('',(0.,0.,1.));
#3544 = ORIENTED_EDGE('',*,*,#2200,.F.);
#3545 = ORIENTED_EDGE('',*,*,#3539,.F.);
#3546 = CYLINDRICAL_SURFACE('',#3547,0.4);
#3547 = AXIS2_PLACEMENT_3D('',#3548,#3549,#3550);
#3548 = CARTESIAN_POINT('',(131.5,-87.81,-4.6E-02));
#3549 = DIRECTION('',(-0.,-0.,-1.));
#3550 = DIRECTION('',(-0.,-1.,0.));
#3551 = ADVANCED_FACE('',(#3552),#3563,.F.);
#3552 = FACE_BOUND('',#3553,.T.);
#3553 = EDGE_LOOP('',(#3554,#3555,#3561,#3562));
#3554 = ORIENTED_EDGE('',*,*,#1220,.T.);
#3555 = ORIENTED_EDGE('',*,*,#3556,.T.);
#3556 = EDGE_CURVE('',#1221,#2212,#3557,.T.);
#3557 = LINE('',#3558,#3559);
#3558 = CARTESIAN_POINT('',(126.89,-84.39,-4.6E-02));
#3559 = VECTOR('',#3560,1.);
#3560 = DIRECTION('',(0.,0.,1.));
#3561 = ORIENTED_EDGE('',*,*,#2211,.F.);
#3562 = ORIENTED_EDGE('',*,*,#3556,.F.);
#3563 = CYLINDRICAL_SURFACE('',#3564,0.85);
#3564 = AXIS2_PLACEMENT_3D('',#3565,#3566,#3567);
#3565 = CARTESIAN_POINT('',(126.89,-83.54,-4.6E-02));
#3566 = DIRECTION('',(-0.,-0.,-1.));
#3567 = DIRECTION('',(-0.,-1.,0.));
#3568 = ADVANCED_FACE('',(#3569),#3580,.F.);
#3569 = FACE_BOUND('',#3570,.T.);
#3570 = EDGE_LOOP('',(#3571,#3572,#3578,#3579));
#3571 = ORIENTED_EDGE('',*,*,#1231,.T.);
#3572 = ORIENTED_EDGE('',*,*,#3573,.T.);
#3573 = EDGE_CURVE('',#1232,#2223,#3574,.T.);
#3574 = LINE('',#3575,#3576);
#3575 = CARTESIAN_POINT('',(136.055,-84.39,-4.6E-02));
#3576 = VECTOR('',#3577,1.);
#3577 = DIRECTION('',(0.,0.,1.));
#3578 = ORIENTED_EDGE('',*,*,#2222,.F.);
#3579 = ORIENTED_EDGE('',*,*,#3573,.F.);
#3580 = CYLINDRICAL_SURFACE('',#3581,0.85);
#3581 = AXIS2_PLACEMENT_3D('',#3582,#3583,#3584);
#3582 = CARTESIAN_POINT('',(136.055,-83.54,-4.6E-02));
#3583 = DIRECTION('',(-0.,-0.,-1.));
#3584 = DIRECTION('',(-0.,-1.,0.));
#3585 = ADVANCED_FACE('',(#3586),#3597,.F.);
#3586 = FACE_BOUND('',#3587,.T.);
#3587 = EDGE_LOOP('',(#3588,#3589,#3595,#3596));
#3588 = ORIENTED_EDGE('',*,*,#1242,.T.);
#3589 = ORIENTED_EDGE('',*,*,#3590,.T.);
#3590 = EDGE_CURVE('',#1243,#2234,#3591,.T.);
#3591 = LINE('',#3592,#3593);
#3592 = CARTESIAN_POINT('',(118.,-81.75,-4.6E-02));
#3593 = VECTOR('',#3594,1.);
#3594 = DIRECTION('',(0.,0.,1.));
#3595 = ORIENTED_EDGE('',*,*,#2233,.F.);
#3596 = ORIENTED_EDGE('',*,*,#3590,.F.);
#3597 = CYLINDRICAL_SURFACE('',#3598,0.75);
#3598 = AXIS2_PLACEMENT_3D('',#3599,#3600,#3601);
#3599 = CARTESIAN_POINT('',(118.,-81.,-4.6E-02));
#3600 = DIRECTION('',(-0.,-0.,-1.));
#3601 = DIRECTION('',(-0.,-1.,0.));
#3602 = ADVANCED_FACE('',(#3603),#3614,.F.);
#3603 = FACE_BOUND('',#3604,.T.);
#3604 = EDGE_LOOP('',(#3605,#3606,#3612,#3613));
#3605 = ORIENTED_EDGE('',*,*,#1253,.T.);
#3606 = ORIENTED_EDGE('',*,*,#3607,.T.);
#3607 = EDGE_CURVE('',#1254,#2245,#3608,.T.);
#3608 = LINE('',#3609,#3610);
#3609 = CARTESIAN_POINT('',(124.35,-79.21,-4.6E-02));
#3610 = VECTOR('',#3611,1.);
#3611 = DIRECTION('',(0.,0.,1.));
#3612 = ORIENTED_EDGE('',*,*,#2244,.F.);
#3613 = ORIENTED_EDGE('',*,*,#3607,.F.);
#3614 = CYLINDRICAL_SURFACE('',#3615,0.75);
#3615 = AXIS2_PLACEMENT_3D('',#3616,#3617,#3618);
#3616 = CARTESIAN_POINT('',(124.35,-78.46,-4.6E-02));
#3617 = DIRECTION('',(-0.,-0.,-1.));
#3618 = DIRECTION('',(-0.,-1.,0.));
#3619 = ADVANCED_FACE('',(#3620),#3631,.F.);
#3620 = FACE_BOUND('',#3621,.T.);
#3621 = EDGE_LOOP('',(#3622,#3623,#3629,#3630));
#3622 = ORIENTED_EDGE('',*,*,#1264,.T.);
#3623 = ORIENTED_EDGE('',*,*,#3624,.T.);
#3624 = EDGE_CURVE('',#1265,#2256,#3625,.T.);
#3625 = LINE('',#3626,#3627);
#3626 = CARTESIAN_POINT('',(131.5,-80.59,-4.6E-02));
#3627 = VECTOR('',#3628,1.);
#3628 = DIRECTION('',(0.,0.,1.));
#3629 = ORIENTED_EDGE('',*,*,#2255,.F.);
#3630 = ORIENTED_EDGE('',*,*,#3624,.F.);
#3631 = CYLINDRICAL_SURFACE('',#3632,0.4);
#3632 = AXIS2_PLACEMENT_3D('',#3633,#3634,#3635);
#3633 = CARTESIAN_POINT('',(131.5,-80.19,-4.6E-02));
#3634 = DIRECTION('',(-0.,-0.,-1.));
#3635 = DIRECTION('',(-0.,-1.,0.));
#3636 = ADVANCED_FACE('',(#3637),#3648,.F.);
#3637 = FACE_BOUND('',#3638,.T.);
#3638 = EDGE_LOOP('',(#3639,#3640,#3646,#3647));
#3639 = ORIENTED_EDGE('',*,*,#1275,.T.);
#3640 = ORIENTED_EDGE('',*,*,#3641,.T.);
#3641 = EDGE_CURVE('',#1276,#2267,#3642,.T.);
#3642 = LINE('',#3643,#3644);
#3643 = CARTESIAN_POINT('',(141.135,-85.54,-4.6E-02));
#3644 = VECTOR('',#3645,1.);
#3645 = DIRECTION('',(0.,0.,1.));
#3646 = ORIENTED_EDGE('',*,*,#2266,.F.);
#3647 = ORIENTED_EDGE('',*,*,#3641,.F.);
#3648 = CYLINDRICAL_SURFACE('',#3649,2.);
#3649 = AXIS2_PLACEMENT_3D('',#3650,#3651,#3652);
#3650 = CARTESIAN_POINT('',(141.135,-83.54,-4.6E-02));
#3651 = DIRECTION('',(-0.,-0.,-1.));
#3652 = DIRECTION('',(-0.,-1.,0.));
#3653 = ADVANCED_FACE('',(#3654),#3665,.F.);
#3654 = FACE_BOUND('',#3655,.T.);
#3655 = EDGE_LOOP('',(#3656,#3657,#3663,#3664));
#3656 = ORIENTED_EDGE('',*,*,#1286,.T.);
#3657 = ORIENTED_EDGE('',*,*,#3658,.T.);
#3658 = EDGE_CURVE('',#1287,#2278,#3659,.T.);
#3659 = LINE('',#3660,#3661);
#3660 = CARTESIAN_POINT('',(146.215,-84.39,-4.6E-02));
#3661 = VECTOR('',#3662,1.);
#3662 = DIRECTION('',(0.,0.,1.));
#3663 = ORIENTED_EDGE('',*,*,#2277,.F.);
#3664 = ORIENTED_EDGE('',*,*,#3658,.F.);
#3665 = CYLINDRICAL_SURFACE('',#3666,0.85);
#3666 = AXIS2_PLACEMENT_3D('',#3667,#3668,#3669);
#3667 = CARTESIAN_POINT('',(146.215,-83.54,-4.6E-02));
#3668 = DIRECTION('',(-0.,-0.,-1.));
#3669 = DIRECTION('',(-0.,-1.,0.));
#3670 = ADVANCED_FACE('',(#3671),#3682,.F.);
#3671 = FACE_BOUND('',#3672,.T.);
#3672 = EDGE_LOOP('',(#3673,#3674,#3680,#3681));
#3673 = ORIENTED_EDGE('',*,*,#1297,.T.);
#3674 = ORIENTED_EDGE('',*,*,#3675,.T.);
#3675 = EDGE_CURVE('',#1298,#2289,#3676,.T.);
#3676 = LINE('',#3677,#3678);
#3677 = CARTESIAN_POINT('',(150.5,-87.9,-4.6E-02));
#3678 = VECTOR('',#3679,1.);
#3679 = DIRECTION('',(0.,0.,1.));
#3680 = ORIENTED_EDGE('',*,*,#2288,.F.);
#3681 = ORIENTED_EDGE('',*,*,#3675,.F.);
#3682 = CYLINDRICAL_SURFACE('',#3683,0.4);
#3683 = AXIS2_PLACEMENT_3D('',#3684,#3685,#3686);
#3684 = CARTESIAN_POINT('',(150.5,-87.5,-4.6E-02));
#3685 = DIRECTION('',(-0.,-0.,-1.));
#3686 = DIRECTION('',(-0.,-1.,0.));
#3687 = ADVANCED_FACE('',(#3688),#3699,.F.);
#3688 = FACE_BOUND('',#3689,.T.);
#3689 = EDGE_LOOP('',(#3690,#3691,#3697,#3698));
#3690 = ORIENTED_EDGE('',*,*,#1308,.T.);
#3691 = ORIENTED_EDGE('',*,*,#3692,.T.);
#3692 = EDGE_CURVE('',#1309,#2300,#3693,.T.);
#3693 = LINE('',#3694,#3695);
#3694 = CARTESIAN_POINT('',(154.84,-84.43,-4.6E-02));
#3695 = VECTOR('',#3696,1.);
#3696 = DIRECTION('',(0.,0.,1.));
#3697 = ORIENTED_EDGE('',*,*,#2299,.F.);
#3698 = ORIENTED_EDGE('',*,*,#3692,.F.);
#3699 = CYLINDRICAL_SURFACE('',#3700,0.85);
#3700 = AXIS2_PLACEMENT_3D('',#3701,#3702,#3703);
#3701 = CARTESIAN_POINT('',(154.84,-83.58,-4.6E-02));
#3702 = DIRECTION('',(-0.,-0.,-1.));
#3703 = DIRECTION('',(-0.,-1.,0.));
#3704 = ADVANCED_FACE('',(#3705),#3716,.F.);
#3705 = FACE_BOUND('',#3706,.T.);
#3706 = EDGE_LOOP('',(#3707,#3708,#3714,#3715));
#3707 = ORIENTED_EDGE('',*,*,#1319,.T.);
#3708 = ORIENTED_EDGE('',*,*,#3709,.T.);
#3709 = EDGE_CURVE('',#1320,#2311,#3710,.T.);
#3710 = LINE('',#3711,#3712);
#3711 = CARTESIAN_POINT('',(137.325,-81.75,-4.6E-02));
#3712 = VECTOR('',#3713,1.);
#3713 = DIRECTION('',(0.,0.,1.));
#3714 = ORIENTED_EDGE('',*,*,#2310,.F.);
#3715 = ORIENTED_EDGE('',*,*,#3709,.F.);
#3716 = CYLINDRICAL_SURFACE('',#3717,0.75);
#3717 = AXIS2_PLACEMENT_3D('',#3718,#3719,#3720);
#3718 = CARTESIAN_POINT('',(137.325,-81.,-4.6E-02));
#3719 = DIRECTION('',(-0.,-0.,-1.));
#3720 = DIRECTION('',(-0.,-1.,0.));
#3721 = ADVANCED_FACE('',(#3722),#3733,.F.);
#3722 = FACE_BOUND('',#3723,.T.);
#3723 = EDGE_LOOP('',(#3724,#3725,#3731,#3732));
#3724 = ORIENTED_EDGE('',*,*,#1330,.T.);
#3725 = ORIENTED_EDGE('',*,*,#3726,.T.);
#3726 = EDGE_CURVE('',#1331,#2322,#3727,.T.);
#3727 = LINE('',#3728,#3729);
#3728 = CARTESIAN_POINT('',(143.675,-79.21,-4.6E-02));
#3729 = VECTOR('',#3730,1.);
#3730 = DIRECTION('',(0.,0.,1.));
#3731 = ORIENTED_EDGE('',*,*,#2321,.F.);
#3732 = ORIENTED_EDGE('',*,*,#3726,.F.);
#3733 = CYLINDRICAL_SURFACE('',#3734,0.75);
#3734 = AXIS2_PLACEMENT_3D('',#3735,#3736,#3737);
#3735 = CARTESIAN_POINT('',(143.675,-78.46,-4.6E-02));
#3736 = DIRECTION('',(-0.,-0.,-1.));
#3737 = DIRECTION('',(-0.,-1.,0.));
#3738 = ADVANCED_FACE('',(#3739),#3750,.F.);
#3739 = FACE_BOUND('',#3740,.T.);
#3740 = EDGE_LOOP('',(#3741,#3742,#3748,#3749));
#3741 = ORIENTED_EDGE('',*,*,#1341,.T.);
#3742 = ORIENTED_EDGE('',*,*,#3743,.T.);
#3743 = EDGE_CURVE('',#1342,#2333,#3744,.T.);
#3744 = LINE('',#3745,#3746);
#3745 = CARTESIAN_POINT('',(150.5,-80.28,-4.6E-02));
#3746 = VECTOR('',#3747,1.);
#3747 = DIRECTION('',(0.,0.,1.));
#3748 = ORIENTED_EDGE('',*,*,#2332,.F.);
#3749 = ORIENTED_EDGE('',*,*,#3743,.F.);
#3750 = CYLINDRICAL_SURFACE('',#3751,0.4);
#3751 = AXIS2_PLACEMENT_3D('',#3752,#3753,#3754);
#3752 = CARTESIAN_POINT('',(150.5,-79.88,-4.6E-02));
#3753 = DIRECTION('',(-0.,-0.,-1.));
#3754 = DIRECTION('',(-0.,-1.,0.));
#3755 = ADVANCED_FACE('',(#3756),#3767,.F.);
#3756 = FACE_BOUND('',#3757,.T.);
#3757 = EDGE_LOOP('',(#3758,#3759,#3765,#3766));
#3758 = ORIENTED_EDGE('',*,*,#1352,.T.);
#3759 = ORIENTED_EDGE('',*,*,#3760,.T.);
#3760 = EDGE_CURVE('',#1353,#2344,#3761,.T.);
#3761 = LINE('',#3762,#3763);
#3762 = CARTESIAN_POINT('',(156.11,-81.79,-4.6E-02));
#3763 = VECTOR('',#3764,1.);
#3764 = DIRECTION('',(0.,0.,1.));
#3765 = ORIENTED_EDGE('',*,*,#2343,.F.);
#3766 = ORIENTED_EDGE('',*,*,#3760,.F.);
#3767 = CYLINDRICAL_SURFACE('',#3768,0.75);
#3768 = AXIS2_PLACEMENT_3D('',#3769,#3770,#3771);
#3769 = CARTESIAN_POINT('',(156.11,-81.04,-4.6E-02));
#3770 = DIRECTION('',(-0.,-0.,-1.));
#3771 = DIRECTION('',(-0.,-1.,0.));
#3772 = ADVANCED_FACE('',(#3773),#3784,.F.);
#3773 = FACE_BOUND('',#3774,.T.);
#3774 = EDGE_LOOP('',(#3775,#3776,#3782,#3783));
#3775 = ORIENTED_EDGE('',*,*,#1363,.T.);
#3776 = ORIENTED_EDGE('',*,*,#3777,.T.);
#3777 = EDGE_CURVE('',#1364,#2355,#3778,.T.);
#3778 = LINE('',#3779,#3780);
#3779 = CARTESIAN_POINT('',(162.54,-98.305,-4.6E-02));
#3780 = VECTOR('',#3781,1.);
#3781 = DIRECTION('',(0.,0.,1.));
#3782 = ORIENTED_EDGE('',*,*,#2354,.F.);
#3783 = ORIENTED_EDGE('',*,*,#3777,.F.);
#3784 = CYLINDRICAL_SURFACE('',#3785,0.75);
#3785 = AXIS2_PLACEMENT_3D('',#3786,#3787,#3788);
#3786 = CARTESIAN_POINT('',(162.54,-97.555,-4.6E-02));
#3787 = DIRECTION('',(-0.,-0.,-1.));
#3788 = DIRECTION('',(-0.,-1.,0.));
#3789 = ADVANCED_FACE('',(#3790),#3801,.F.);
#3790 = FACE_BOUND('',#3791,.T.);
#3791 = EDGE_LOOP('',(#3792,#3793,#3799,#3800));
#3792 = ORIENTED_EDGE('',*,*,#1374,.T.);
#3793 = ORIENTED_EDGE('',*,*,#3794,.T.);
#3794 = EDGE_CURVE('',#1375,#2366,#3795,.T.);
#3795 = LINE('',#3796,#3797);
#3796 = CARTESIAN_POINT('',(169.5,-99.09,-4.6E-02));
#3797 = VECTOR('',#3798,1.);
#3798 = DIRECTION('',(0.,0.,1.));
#3799 = ORIENTED_EDGE('',*,*,#2365,.F.);
#3800 = ORIENTED_EDGE('',*,*,#3794,.F.);
#3801 = CYLINDRICAL_SURFACE('',#3802,0.4);
#3802 = AXIS2_PLACEMENT_3D('',#3803,#3804,#3805);
#3803 = CARTESIAN_POINT('',(169.5,-98.69,-4.6E-02));
#3804 = DIRECTION('',(-0.,-0.,-1.));
#3805 = DIRECTION('',(-0.,-1.,0.));
#3806 = ADVANCED_FACE('',(#3807),#3818,.F.);
#3807 = FACE_BOUND('',#3808,.T.);
#3808 = EDGE_LOOP('',(#3809,#3810,#3816,#3817));
#3809 = ORIENTED_EDGE('',*,*,#1385,.T.);
#3810 = ORIENTED_EDGE('',*,*,#3811,.T.);
#3811 = EDGE_CURVE('',#1386,#2377,#3812,.T.);
#3812 = LINE('',#3813,#3814);
#3813 = CARTESIAN_POINT('',(183.5,-92.75,-4.6E-02));
#3814 = VECTOR('',#3815,1.);
#3815 = DIRECTION('',(0.,0.,1.));
#3816 = ORIENTED_EDGE('',*,*,#2376,.F.);
#3817 = ORIENTED_EDGE('',*,*,#3811,.F.);
#3818 = CYLINDRICAL_SURFACE('',#3819,0.5);
#3819 = AXIS2_PLACEMENT_3D('',#3820,#3821,#3822);
#3820 = CARTESIAN_POINT('',(183.5,-92.25,-4.6E-02));
#3821 = DIRECTION('',(-0.,-0.,-1.));
#3822 = DIRECTION('',(-0.,-1.,0.));
#3823 = ADVANCED_FACE('',(#3824),#3835,.F.);
#3824 = FACE_BOUND('',#3825,.T.);
#3825 = EDGE_LOOP('',(#3826,#3827,#3833,#3834));
#3826 = ORIENTED_EDGE('',*,*,#1396,.T.);
#3827 = ORIENTED_EDGE('',*,*,#3828,.T.);
#3828 = EDGE_CURVE('',#1397,#2388,#3829,.T.);
#3829 = LINE('',#3830,#3831);
#3830 = CARTESIAN_POINT('',(186.04,-92.75,-4.6E-02));
#3831 = VECTOR('',#3832,1.);
#3832 = DIRECTION('',(0.,0.,1.));
#3833 = ORIENTED_EDGE('',*,*,#2387,.F.);
#3834 = ORIENTED_EDGE('',*,*,#3828,.F.);
#3835 = CYLINDRICAL_SURFACE('',#3836,0.5);
#3836 = AXIS2_PLACEMENT_3D('',#3837,#3838,#3839);
#3837 = CARTESIAN_POINT('',(186.04,-92.25,-4.6E-02));
#3838 = DIRECTION('',(-0.,-0.,-1.));
#3839 = DIRECTION('',(-0.,-1.,0.));
#3840 = ADVANCED_FACE('',(#3841),#3852,.F.);
#3841 = FACE_BOUND('',#3842,.T.);
#3842 = EDGE_LOOP('',(#3843,#3844,#3850,#3851));
#3843 = ORIENTED_EDGE('',*,*,#1407,.T.);
#3844 = ORIENTED_EDGE('',*,*,#3845,.T.);
#3845 = EDGE_CURVE('',#1408,#2399,#3846,.T.);
#3846 = LINE('',#3847,#3848);
#3847 = CARTESIAN_POINT('',(188.58,-92.75,-4.6E-02));
#3848 = VECTOR('',#3849,1.);
#3849 = DIRECTION('',(0.,0.,1.));
#3850 = ORIENTED_EDGE('',*,*,#2398,.F.);
#3851 = ORIENTED_EDGE('',*,*,#3845,.F.);
#3852 = CYLINDRICAL_SURFACE('',#3853,0.5);
#3853 = AXIS2_PLACEMENT_3D('',#3854,#3855,#3856);
#3854 = CARTESIAN_POINT('',(188.58,-92.25,-4.6E-02));
#3855 = DIRECTION('',(-0.,-0.,-1.));
#3856 = DIRECTION('',(-0.,-1.,0.));
#3857 = ADVANCED_FACE('',(#3858),#3869,.F.);
#3858 = FACE_BOUND('',#3859,.T.);
#3859 = EDGE_LOOP('',(#3860,#3861,#3867,#3868));
#3860 = ORIENTED_EDGE('',*,*,#1418,.T.);
#3861 = ORIENTED_EDGE('',*,*,#3862,.T.);
#3862 = EDGE_CURVE('',#1419,#2410,#3863,.T.);
#3863 = LINE('',#3864,#3865);
#3864 = CARTESIAN_POINT('',(191.12,-92.75,-4.6E-02));
#3865 = VECTOR('',#3866,1.);
#3866 = DIRECTION('',(0.,0.,1.));
#3867 = ORIENTED_EDGE('',*,*,#2409,.F.);
#3868 = ORIENTED_EDGE('',*,*,#3862,.F.);
#3869 = CYLINDRICAL_SURFACE('',#3870,0.5);
#3870 = AXIS2_PLACEMENT_3D('',#3871,#3872,#3873);
#3871 = CARTESIAN_POINT('',(191.12,-92.25,-4.6E-02));
#3872 = DIRECTION('',(-0.,-0.,-1.));
#3873 = DIRECTION('',(-0.,-1.,0.));
#3874 = ADVANCED_FACE('',(#3875),#3886,.F.);
#3875 = FACE_BOUND('',#3876,.T.);
#3876 = EDGE_LOOP('',(#3877,#3878,#3884,#3885));
#3877 = ORIENTED_EDGE('',*,*,#1429,.T.);
#3878 = ORIENTED_EDGE('',*,*,#3879,.T.);
#3879 = EDGE_CURVE('',#1430,#2421,#3880,.T.);
#3880 = LINE('',#3881,#3882);
#3881 = CARTESIAN_POINT('',(193.66,-92.75,-4.6E-02));
#3882 = VECTOR('',#3883,1.);
#3883 = DIRECTION('',(0.,0.,1.));
#3884 = ORIENTED_EDGE('',*,*,#2420,.F.);
#3885 = ORIENTED_EDGE('',*,*,#3879,.F.);
#3886 = CYLINDRICAL_SURFACE('',#3887,0.5);
#3887 = AXIS2_PLACEMENT_3D('',#3888,#3889,#3890);
#3888 = CARTESIAN_POINT('',(193.66,-92.25,-4.6E-02));
#3889 = DIRECTION('',(-0.,-0.,-1.));
#3890 = DIRECTION('',(-0.,-1.,0.));
#3891 = ADVANCED_FACE('',(#3892),#3903,.F.);
#3892 = FACE_BOUND('',#3893,.T.);
#3893 = EDGE_LOOP('',(#3894,#3895,#3901,#3902));
#3894 = ORIENTED_EDGE('',*,*,#1440,.T.);
#3895 = ORIENTED_EDGE('',*,*,#3896,.T.);
#3896 = EDGE_CURVE('',#1441,#2432,#3897,.T.);
#3897 = LINE('',#3898,#3899);
#3898 = CARTESIAN_POINT('',(196.2,-92.75,-4.6E-02));
#3899 = VECTOR('',#3900,1.);
#3900 = DIRECTION('',(0.,0.,1.));
#3901 = ORIENTED_EDGE('',*,*,#2431,.F.);
#3902 = ORIENTED_EDGE('',*,*,#3896,.F.);
#3903 = CYLINDRICAL_SURFACE('',#3904,0.5);
#3904 = AXIS2_PLACEMENT_3D('',#3905,#3906,#3907);
#3905 = CARTESIAN_POINT('',(196.2,-92.25,-4.6E-02));
#3906 = DIRECTION('',(-0.,-0.,-1.));
#3907 = DIRECTION('',(-0.,-1.,0.));
#3908 = ADVANCED_FACE('',(#3909),#3920,.F.);
#3909 = FACE_BOUND('',#3910,.T.);
#3910 = EDGE_LOOP('',(#3911,#3912,#3918,#3919));
#3911 = ORIENTED_EDGE('',*,*,#1451,.T.);
#3912 = ORIENTED_EDGE('',*,*,#3913,.T.);
#3913 = EDGE_CURVE('',#1452,#2443,#3914,.T.);
#3914 = LINE('',#3915,#3916);
#3915 = CARTESIAN_POINT('',(198.74,-92.75,-4.6E-02));
#3916 = VECTOR('',#3917,1.);
#3917 = DIRECTION('',(0.,0.,1.));
#3918 = ORIENTED_EDGE('',*,*,#2442,.F.);
#3919 = ORIENTED_EDGE('',*,*,#3913,.F.);
#3920 = CYLINDRICAL_SURFACE('',#3921,0.5);
#3921 = AXIS2_PLACEMENT_3D('',#3922,#3923,#3924);
#3922 = CARTESIAN_POINT('',(198.74,-92.25,-4.6E-02));
#3923 = DIRECTION('',(-0.,-0.,-1.));
#3924 = DIRECTION('',(-0.,-1.,0.));
#3925 = ADVANCED_FACE('',(#3926),#3937,.F.);
#3926 = FACE_BOUND('',#3927,.T.);
#3927 = EDGE_LOOP('',(#3928,#3929,#3935,#3936));
#3928 = ORIENTED_EDGE('',*,*,#1462,.T.);
#3929 = ORIENTED_EDGE('',*,*,#3930,.T.);
#3930 = EDGE_CURVE('',#1463,#2454,#3931,.T.);
#3931 = LINE('',#3932,#3933);
#3932 = CARTESIAN_POINT('',(159.92,-85.58,-4.6E-02));
#3933 = VECTOR('',#3934,1.);
#3934 = DIRECTION('',(0.,0.,1.));
#3935 = ORIENTED_EDGE('',*,*,#2453,.F.);
#3936 = ORIENTED_EDGE('',*,*,#3930,.F.);
#3937 = CYLINDRICAL_SURFACE('',#3938,2.);
#3938 = AXIS2_PLACEMENT_3D('',#3939,#3940,#3941);
#3939 = CARTESIAN_POINT('',(159.92,-83.58,-4.6E-02));
#3940 = DIRECTION('',(-0.,-0.,-1.));
#3941 = DIRECTION('',(-0.,-1.,0.));
#3942 = ADVANCED_FACE('',(#3943),#3954,.F.);
#3943 = FACE_BOUND('',#3944,.T.);
#3944 = EDGE_LOOP('',(#3945,#3946,#3952,#3953));
#3945 = ORIENTED_EDGE('',*,*,#1473,.T.);
#3946 = ORIENTED_EDGE('',*,*,#3947,.T.);
#3947 = EDGE_CURVE('',#1474,#2465,#3948,.T.);
#3948 = LINE('',#3949,#3950);
#3949 = CARTESIAN_POINT('',(165.,-84.43,-4.6E-02));
#3950 = VECTOR('',#3951,1.);
#3951 = DIRECTION('',(0.,0.,1.));
#3952 = ORIENTED_EDGE('',*,*,#2464,.F.);
#3953 = ORIENTED_EDGE('',*,*,#3947,.F.);
#3954 = CYLINDRICAL_SURFACE('',#3955,0.85);
#3955 = AXIS2_PLACEMENT_3D('',#3956,#3957,#3958);
#3956 = CARTESIAN_POINT('',(165.,-83.58,-4.6E-02));
#3957 = DIRECTION('',(-0.,-0.,-1.));
#3958 = DIRECTION('',(-0.,-1.,0.));
#3959 = ADVANCED_FACE('',(#3960),#3971,.F.);
#3960 = FACE_BOUND('',#3961,.T.);
#3961 = EDGE_LOOP('',(#3962,#3963,#3969,#3970));
#3962 = ORIENTED_EDGE('',*,*,#1484,.T.);
#3963 = ORIENTED_EDGE('',*,*,#3964,.T.);
#3964 = EDGE_CURVE('',#1485,#2476,#3965,.T.);
#3965 = LINE('',#3966,#3967);
#3966 = CARTESIAN_POINT('',(169.5,-87.9,-4.6E-02));
#3967 = VECTOR('',#3968,1.);
#3968 = DIRECTION('',(0.,0.,1.));
#3969 = ORIENTED_EDGE('',*,*,#2475,.F.);
#3970 = ORIENTED_EDGE('',*,*,#3964,.F.);
#3971 = CYLINDRICAL_SURFACE('',#3972,0.4);
#3972 = AXIS2_PLACEMENT_3D('',#3973,#3974,#3975);
#3973 = CARTESIAN_POINT('',(169.5,-87.5,-4.6E-02));
#3974 = DIRECTION('',(-0.,-0.,-1.));
#3975 = DIRECTION('',(-0.,-1.,0.));
#3976 = ADVANCED_FACE('',(#3977),#3988,.F.);
#3977 = FACE_BOUND('',#3978,.T.);
#3978 = EDGE_LOOP('',(#3979,#3980,#3986,#3987));
#3979 = ORIENTED_EDGE('',*,*,#1495,.T.);
#3980 = ORIENTED_EDGE('',*,*,#3981,.T.);
#3981 = EDGE_CURVE('',#1496,#2487,#3982,.T.);
#3982 = LINE('',#3983,#3984);
#3983 = CARTESIAN_POINT('',(162.46,-79.25,-4.6E-02));
#3984 = VECTOR('',#3985,1.);
#3985 = DIRECTION('',(0.,0.,1.));
#3986 = ORIENTED_EDGE('',*,*,#2486,.F.);
#3987 = ORIENTED_EDGE('',*,*,#3981,.F.);
#3988 = CYLINDRICAL_SURFACE('',#3989,0.75);
#3989 = AXIS2_PLACEMENT_3D('',#3990,#3991,#3992);
#3990 = CARTESIAN_POINT('',(162.46,-78.5,-4.6E-02));
#3991 = DIRECTION('',(-0.,-0.,-1.));
#3992 = DIRECTION('',(-0.,-1.,0.));
#3993 = ADVANCED_FACE('',(#3994),#4005,.F.);
#3994 = FACE_BOUND('',#3995,.T.);
#3995 = EDGE_LOOP('',(#3996,#3997,#4003,#4004));
#3996 = ORIENTED_EDGE('',*,*,#1506,.T.);
#3997 = ORIENTED_EDGE('',*,*,#3998,.T.);
#3998 = EDGE_CURVE('',#1507,#2498,#3999,.T.);
#3999 = LINE('',#4000,#4001);
#4000 = CARTESIAN_POINT('',(169.5,-80.28,-4.6E-02));
#4001 = VECTOR('',#4002,1.);
#4002 = DIRECTION('',(0.,0.,1.));
#4003 = ORIENTED_EDGE('',*,*,#2497,.F.);
#4004 = ORIENTED_EDGE('',*,*,#3998,.F.);
#4005 = CYLINDRICAL_SURFACE('',#4006,0.4);
#4006 = AXIS2_PLACEMENT_3D('',#4007,#4008,#4009);
#4007 = CARTESIAN_POINT('',(169.5,-79.88,-4.6E-02));
#4008 = DIRECTION('',(-0.,-0.,-1.));
#4009 = DIRECTION('',(-0.,-1.,0.));
#4010 = ADVANCED_FACE('',(#4011),#4022,.F.);
#4011 = FACE_BOUND('',#4012,.T.);
#4012 = EDGE_LOOP('',(#4013,#4014,#4020,#4021));
#4013 = ORIENTED_EDGE('',*,*,#1517,.T.);
#4014 = ORIENTED_EDGE('',*,*,#4015,.T.);
#4015 = EDGE_CURVE('',#1518,#2509,#4016,.T.);
#4016 = LINE('',#4017,#4018);
#4017 = CARTESIAN_POINT('',(183.5,-77.5,-4.6E-02));
#4018 = VECTOR('',#4019,1.);
#4019 = DIRECTION('',(0.,0.,1.));
#4020 = ORIENTED_EDGE('',*,*,#2508,.F.);
#4021 = ORIENTED_EDGE('',*,*,#4015,.F.);
#4022 = CYLINDRICAL_SURFACE('',#4023,0.5);
#4023 = AXIS2_PLACEMENT_3D('',#4024,#4025,#4026);
#4024 = CARTESIAN_POINT('',(183.5,-77.,-4.6E-02));
#4025 = DIRECTION('',(-0.,-0.,-1.));
#4026 = DIRECTION('',(-0.,-1.,0.));
#4027 = ADVANCED_FACE('',(#4028),#4039,.F.);
#4028 = FACE_BOUND('',#4029,.T.);
#4029 = EDGE_LOOP('',(#4030,#4031,#4037,#4038));
#4030 = ORIENTED_EDGE('',*,*,#1528,.T.);
#4031 = ORIENTED_EDGE('',*,*,#4032,.T.);
#4032 = EDGE_CURVE('',#1529,#2520,#4033,.T.);
#4033 = LINE('',#4034,#4035);
#4034 = CARTESIAN_POINT('',(186.04,-77.5,-4.6E-02));
#4035 = VECTOR('',#4036,1.);
#4036 = DIRECTION('',(0.,0.,1.));
#4037 = ORIENTED_EDGE('',*,*,#2519,.F.);
#4038 = ORIENTED_EDGE('',*,*,#4032,.F.);
#4039 = CYLINDRICAL_SURFACE('',#4040,0.5);
#4040 = AXIS2_PLACEMENT_3D('',#4041,#4042,#4043);
#4041 = CARTESIAN_POINT('',(186.04,-77.,-4.6E-02));
#4042 = DIRECTION('',(-0.,-0.,-1.));
#4043 = DIRECTION('',(-0.,-1.,0.));
#4044 = ADVANCED_FACE('',(#4045),#4056,.F.);
#4045 = FACE_BOUND('',#4046,.T.);
#4046 = EDGE_LOOP('',(#4047,#4048,#4054,#4055));
#4047 = ORIENTED_EDGE('',*,*,#1539,.T.);
#4048 = ORIENTED_EDGE('',*,*,#4049,.T.);
#4049 = EDGE_CURVE('',#1540,#2531,#4050,.T.);
#4050 = LINE('',#4051,#4052);
#4051 = CARTESIAN_POINT('',(188.58,-77.5,-4.6E-02));
#4052 = VECTOR('',#4053,1.);
#4053 = DIRECTION('',(0.,0.,1.));
#4054 = ORIENTED_EDGE('',*,*,#2530,.F.);
#4055 = ORIENTED_EDGE('',*,*,#4049,.F.);
#4056 = CYLINDRICAL_SURFACE('',#4057,0.5);
#4057 = AXIS2_PLACEMENT_3D('',#4058,#4059,#4060);
#4058 = CARTESIAN_POINT('',(188.58,-77.,-4.6E-02));
#4059 = DIRECTION('',(-0.,-0.,-1.));
#4060 = DIRECTION('',(-0.,-1.,0.));
#4061 = ADVANCED_FACE('',(#4062),#4073,.F.);
#4062 = FACE_BOUND('',#4063,.T.);
#4063 = EDGE_LOOP('',(#4064,#4065,#4071,#4072));
#4064 = ORIENTED_EDGE('',*,*,#1550,.T.);
#4065 = ORIENTED_EDGE('',*,*,#4066,.T.);
#4066 = EDGE_CURVE('',#1551,#2542,#4067,.T.);
#4067 = LINE('',#4068,#4069);
#4068 = CARTESIAN_POINT('',(191.12,-77.5,-4.6E-02));
#4069 = VECTOR('',#4070,1.);
#4070 = DIRECTION('',(0.,0.,1.));
#4071 = ORIENTED_EDGE('',*,*,#2541,.F.);
#4072 = ORIENTED_EDGE('',*,*,#4066,.F.);
#4073 = CYLINDRICAL_SURFACE('',#4074,0.5);
#4074 = AXIS2_PLACEMENT_3D('',#4075,#4076,#4077);
#4075 = CARTESIAN_POINT('',(191.12,-77.,-4.6E-02));
#4076 = DIRECTION('',(-0.,-0.,-1.));
#4077 = DIRECTION('',(-0.,-1.,0.));
#4078 = ADVANCED_FACE('',(#4079),#4090,.F.);
#4079 = FACE_BOUND('',#4080,.T.);
#4080 = EDGE_LOOP('',(#4081,#4082,#4088,#4089));
#4081 = ORIENTED_EDGE('',*,*,#1561,.T.);
#4082 = ORIENTED_EDGE('',*,*,#4083,.T.);
#4083 = EDGE_CURVE('',#1562,#2553,#4084,.T.);
#4084 = LINE('',#4085,#4086);
#4085 = CARTESIAN_POINT('',(193.66,-77.5,-4.6E-02));
#4086 = VECTOR('',#4087,1.);
#4087 = DIRECTION('',(0.,0.,1.));
#4088 = ORIENTED_EDGE('',*,*,#2552,.F.);
#4089 = ORIENTED_EDGE('',*,*,#4083,.F.);
#4090 = CYLINDRICAL_SURFACE('',#4091,0.5);
#4091 = AXIS2_PLACEMENT_3D('',#4092,#4093,#4094);
#4092 = CARTESIAN_POINT('',(193.66,-77.,-4.6E-02));
#4093 = DIRECTION('',(-0.,-0.,-1.));
#4094 = DIRECTION('',(-0.,-1.,0.));
#4095 = ADVANCED_FACE('',(#4096),#4107,.F.);
#4096 = FACE_BOUND('',#4097,.T.);
#4097 = EDGE_LOOP('',(#4098,#4099,#4105,#4106));
#4098 = ORIENTED_EDGE('',*,*,#1572,.T.);
#4099 = ORIENTED_EDGE('',*,*,#4100,.T.);
#4100 = EDGE_CURVE('',#1573,#2564,#4101,.T.);
#4101 = LINE('',#4102,#4103);
#4102 = CARTESIAN_POINT('',(196.2,-77.5,-4.6E-02));
#4103 = VECTOR('',#4104,1.);
#4104 = DIRECTION('',(0.,0.,1.));
#4105 = ORIENTED_EDGE('',*,*,#2563,.F.);
#4106 = ORIENTED_EDGE('',*,*,#4100,.F.);
#4107 = CYLINDRICAL_SURFACE('',#4108,0.5);
#4108 = AXIS2_PLACEMENT_3D('',#4109,#4110,#4111);
#4109 = CARTESIAN_POINT('',(196.2,-77.,-4.6E-02));
#4110 = DIRECTION('',(-0.,-0.,-1.));
#4111 = DIRECTION('',(-0.,-1.,0.));
#4112 = ADVANCED_FACE('',(#4113),#4124,.F.);
#4113 = FACE_BOUND('',#4114,.T.);
#4114 = EDGE_LOOP('',(#4115,#4116,#4122,#4123));
#4115 = ORIENTED_EDGE('',*,*,#1583,.T.);
#4116 = ORIENTED_EDGE('',*,*,#4117,.T.);
#4117 = EDGE_CURVE('',#1584,#2575,#4118,.T.);
#4118 = LINE('',#4119,#4120);
#4119 = CARTESIAN_POINT('',(198.74,-77.5,-4.6E-02));
#4120 = VECTOR('',#4121,1.);
#4121 = DIRECTION('',(0.,0.,1.));
#4122 = ORIENTED_EDGE('',*,*,#2574,.F.);
#4123 = ORIENTED_EDGE('',*,*,#4117,.F.);
#4124 = CYLINDRICAL_SURFACE('',#4125,0.5);
#4125 = AXIS2_PLACEMENT_3D('',#4126,#4127,#4128);
#4126 = CARTESIAN_POINT('',(198.74,-77.,-4.6E-02));
#4127 = DIRECTION('',(-0.,-0.,-1.));
#4128 = DIRECTION('',(-0.,-1.,0.));
#4129 = ( GEOMETRIC_REPRESENTATION_CONTEXT(3) 
GLOBAL_UNCERTAINTY_ASSIGNED_CONTEXT((#4133)) 
GLOBAL_UNIT_ASSIGNED_CONTEXT((#4130,#4131,#4132)) REPRESENTATION_CONTEXT
('Context #1','3D Context with UNIT and UNCERTAINTY') );
#4130 = ( LENGTH_UNIT() NAMED_UNIT(*) SI_UNIT(.MILLI.,.METRE.) );
#4131 = ( NAMED_UNIT(*) PLANE_ANGLE_UNIT() SI_UNIT($,.RADIAN.) );
#4132 = ( NAMED_UNIT(*) SI_UNIT($,.STERADIAN.) SOLID_ANGLE_UNIT() );
#4133 = UNCERTAINTY_MEASURE_WITH_UNIT(LENGTH_MEASURE(1.E-07),#4130,
  'distance_accuracy_value','confusion accuracy');
#4134 = CONTEXT_DEPENDENT_SHAPE_REPRESENTATION(#4135,#4137);
#4135 = ( REPRESENTATION_RELATIONSHIP('','',#500,#10) 
REPRESENTATION_RELATIONSHIP_WITH_TRANSFORMATION(#4136) 
SHAPE_REPRESENTATION_RELATIONSHIP() );
#4136 = ITEM_DEFINED_TRANSFORMATION('','',#11,#51);
#4137 = PRODUCT_DEFINITION_SHAPE('Placement','Placement of an item',
  #4138);
#4138 = NEXT_ASSEMBLY_USAGE_OCCURRENCE('11','=>[0:1:1:4]','',#5,#495,$);
#4139 = PRODUCT_RELATED_PRODUCT_CATEGORY('part',$,(#497));
#4140 = MECHANICAL_DESIGN_GEOMETRIC_PRESENTATION_REPRESENTATION('',(
    #4141,#4149,#4156,#4163,#4170,#4177,#4184,#4191,#4199,#4206,#4213,
    #4221,#4228,#4235,#4242,#4249),#442);
#4141 = STYLED_ITEM('color',(#4142),#94);
#4142 = PRESENTATION_STYLE_ASSIGNMENT((#4143));
#4143 = SURFACE_STYLE_USAGE(.BOTH.,#4144);
#4144 = SURFACE_SIDE_STYLE('',(#4145));
#4145 = SURFACE_STYLE_FILL_AREA(#4146);
#4146 = FILL_AREA_STYLE('',(#4147));
#4147 = FILL_AREA_STYLE_COLOUR('',#4148);
#4148 = COLOUR_RGB('',0.823999987314,0.819999987296,0.781000009244);
#4149 = STYLED_ITEM('color',(#4150),#127);
#4150 = PRESENTATION_STYLE_ASSIGNMENT((#4151));
#4151 = SURFACE_STYLE_USAGE(.BOTH.,#4152);
#4152 = SURFACE_SIDE_STYLE('',(#4153));
#4153 = SURFACE_STYLE_FILL_AREA(#4154);
#4154 = FILL_AREA_STYLE('',(#4155));
#4155 = FILL_AREA_STYLE_COLOUR('',#4148);
#4156 = STYLED_ITEM('color',(#4157),#153);
#4157 = PRESENTATION_STYLE_ASSIGNMENT((#4158));
#4158 = SURFACE_STYLE_USAGE(.BOTH.,#4159);
#4159 = SURFACE_SIDE_STYLE('',(#4160));
#4160 = SURFACE_STYLE_FILL_AREA(#4161);
#4161 = FILL_AREA_STYLE('',(#4162));
#4162 = FILL_AREA_STYLE_COLOUR('',#4148);
#4163 = STYLED_ITEM('color',(#4164),#178);
#4164 = PRESENTATION_STYLE_ASSIGNMENT((#4165));
#4165 = SURFACE_STYLE_USAGE(.BOTH.,#4166);
#4166 = SURFACE_SIDE_STYLE('',(#4167));
#4167 = SURFACE_STYLE_FILL_AREA(#4168);
#4168 = FILL_AREA_STYLE('',(#4169));
#4169 = FILL_AREA_STYLE_COLOUR('',#4148);
#4170 = STYLED_ITEM('color',(#4171),#204);
#4171 = PRESENTATION_STYLE_ASSIGNMENT((#4172));
#4172 = SURFACE_STYLE_USAGE(.BOTH.,#4173);
#4173 = SURFACE_SIDE_STYLE('',(#4174));
#4174 = SURFACE_STYLE_FILL_AREA(#4175);
#4175 = FILL_AREA_STYLE('',(#4176));
#4176 = FILL_AREA_STYLE_COLOUR('',#4148);
#4177 = STYLED_ITEM('color',(#4178),#229);
#4178 = PRESENTATION_STYLE_ASSIGNMENT((#4179));
#4179 = SURFACE_STYLE_USAGE(.BOTH.,#4180);
#4180 = SURFACE_SIDE_STYLE('',(#4181));
#4181 = SURFACE_STYLE_FILL_AREA(#4182);
#4182 = FILL_AREA_STYLE('',(#4183));
#4183 = FILL_AREA_STYLE_COLOUR('',#4148);
#4184 = STYLED_ITEM('color',(#4185),#238);
#4185 = PRESENTATION_STYLE_ASSIGNMENT((#4186));
#4186 = SURFACE_STYLE_USAGE(.BOTH.,#4187);
#4187 = SURFACE_SIDE_STYLE('',(#4188));
#4188 = SURFACE_STYLE_FILL_AREA(#4189);
#4189 = FILL_AREA_STYLE('',(#4190));
#4190 = FILL_AREA_STYLE_COLOUR('',#4148);
#4191 = STYLED_ITEM('color',(#4192),#249);
#4192 = PRESENTATION_STYLE_ASSIGNMENT((#4193));
#4193 = SURFACE_STYLE_USAGE(.BOTH.,#4194);
#4194 = SURFACE_SIDE_STYLE('',(#4195));
#4195 = SURFACE_STYLE_FILL_AREA(#4196);
#4196 = FILL_AREA_STYLE('',(#4197));
#4197 = FILL_AREA_STYLE_COLOUR('',#4198);
#4198 = COLOUR_RGB('',0.699999984889,9.999999991362E-02,
  5.000000142576E-02);
#4199 = STYLED_ITEM('color',(#4200),#282);
#4200 = PRESENTATION_STYLE_ASSIGNMENT((#4201));
#4201 = SURFACE_STYLE_USAGE(.BOTH.,#4202);
#4202 = SURFACE_SIDE_STYLE('',(#4203));
#4203 = SURFACE_STYLE_FILL_AREA(#4204);
#4204 = FILL_AREA_STYLE('',(#4205));
#4205 = FILL_AREA_STYLE_COLOUR('',#4198);
#4206 = STYLED_ITEM('color',(#4207),#302);
#4207 = PRESENTATION_STYLE_ASSIGNMENT((#4208));
#4208 = SURFACE_STYLE_USAGE(.BOTH.,#4209);
#4209 = SURFACE_SIDE_STYLE('',(#4210));
#4210 = SURFACE_STYLE_FILL_AREA(#4211);
#4211 = FILL_AREA_STYLE('',(#4212));
#4212 = FILL_AREA_STYLE_COLOUR('',#4198);
#4213 = STYLED_ITEM('color',(#4214),#322);
#4214 = PRESENTATION_STYLE_ASSIGNMENT((#4215));
#4215 = SURFACE_STYLE_USAGE(.BOTH.,#4216);
#4216 = SURFACE_SIDE_STYLE('',(#4217));
#4217 = SURFACE_STYLE_FILL_AREA(#4218);
#4218 = FILL_AREA_STYLE('',(#4219));
#4219 = FILL_AREA_STYLE_COLOUR('',#4220);
#4220 = COLOUR_RGB('',0.,0.631244006163,0.748016017657);
#4221 = STYLED_ITEM('color',(#4222),#347);
#4222 = PRESENTATION_STYLE_ASSIGNMENT((#4223));
#4223 = SURFACE_STYLE_USAGE(.BOTH.,#4224);
#4224 = SURFACE_SIDE_STYLE('',(#4225));
#4225 = SURFACE_STYLE_FILL_AREA(#4226);
#4226 = FILL_AREA_STYLE('',(#4227));
#4227 = FILL_AREA_STYLE_COLOUR('',#4220);
#4228 = STYLED_ITEM('color',(#4229),#372);
#4229 = PRESENTATION_STYLE_ASSIGNMENT((#4230));
#4230 = SURFACE_STYLE_USAGE(.BOTH.,#4231);
#4231 = SURFACE_SIDE_STYLE('',(#4232));
#4232 = SURFACE_STYLE_FILL_AREA(#4233);
#4233 = FILL_AREA_STYLE('',(#4234));
#4234 = FILL_AREA_STYLE_COLOUR('',#4220);
#4235 = STYLED_ITEM('color',(#4236),#398);
#4236 = PRESENTATION_STYLE_ASSIGNMENT((#4237));
#4237 = SURFACE_STYLE_USAGE(.BOTH.,#4238);
#4238 = SURFACE_SIDE_STYLE('',(#4239));
#4239 = SURFACE_STYLE_FILL_AREA(#4240);
#4240 = FILL_AREA_STYLE('',(#4241));
#4241 = FILL_AREA_STYLE_COLOUR('',#4220);
#4242 = STYLED_ITEM('color',(#4243),#424);
#4243 = PRESENTATION_STYLE_ASSIGNMENT((#4244));
#4244 = SURFACE_STYLE_USAGE(.BOTH.,#4245);
#4245 = SURFACE_SIDE_STYLE('',(#4246));
#4246 = SURFACE_STYLE_FILL_AREA(#4247);
#4247 = FILL_AREA_STYLE('',(#4248));
#4248 = FILL_AREA_STYLE_COLOUR('',#4220);
#4249 = STYLED_ITEM('color',(#4250),#433);
#4250 = PRESENTATION_STYLE_ASSIGNMENT((#4251));
#4251 = SURFACE_STYLE_USAGE(.BOTH.,#4252);
#4252 = SURFACE_SIDE_STYLE('',(#4253));
#4253 = SURFACE_STYLE_FILL_AREA(#4254);
#4254 = FILL_AREA_STYLE('',(#4255));
#4255 = FILL_AREA_STYLE_COLOUR('',#4220);
#4256 = MECHANICAL_DESIGN_GEOMETRIC_PRESENTATION_REPRESENTATION('',(
    #4257),#4129);
#4257 = STYLED_ITEM('color',(#4258),#501);
#4258 = PRESENTATION_STYLE_ASSIGNMENT((#4259));
#4259 = SURFACE_STYLE_USAGE(.BOTH.,#4260);
#4260 = SURFACE_SIDE_STYLE('',(#4261));
#4261 = SURFACE_STYLE_FILL_AREA(#4262);
#4262 = FILL_AREA_STYLE('',(#4263));
#4263 = FILL_AREA_STYLE_COLOUR('',#4264);
#4264 = COLOUR_RGB('',0.313304153717,0.484529207832,0.410020903123);
ENDSEC;
END-ISO-10303-21;
